NFIREID,Unchanged to very low,Low,Moderate,High,Post-fire havest,NoData
1,69.03,86.67,206.64,328.77,0,0
2,48.33,46.35,100.8,447.93,0,0
3,72.18,8.91,131.4,2055.51,0,0.09
4,47.79,132.3,48.15,105.84,0,0.18
5,141.3,136.17,252.36,292.59,0,0.27
6,9.18,13.14,45.72,52.83,0,0
7,609.75,679.32,1639.35,3828.24,0,0.36
8,27.99,16.65,17.28,41.58,0,0.18
9,790.38,576.45,1291.95,3089.88,0,0.09
10,175.5,174.06,87.3,75.6,0,0.18
11,45.9,57.15,68.22,85.5,0,0.09
12,16.92,14.4,17.28,62.46,0,0.18
13,404.19,649.53,989.19,3236.31,0,0.09
14,36.81,44.55,111.42,186.03,0,0
15,163.44,119.16,250.56,1149.3,0,0.09
16,323.1,437.85,274.59,274.59,0,0.36
17,120.87,83.43,234.81,322.56,0,0.18
18,121.14,129.51,251.28,1071.99,0,0.18
19,61.92,59.31,31.86,398.07,0,0.18
20,167.22,241.11,290.25,1671.66,0,0.18
21,42.48,117.9,267.84,1303.83,0,0
22,113.67,165.33,155.34,1117.26,0,0.09
23,313.29,483.75,1100.43,4241.34,0,0
24,511.74,276.75,761.94,2740.77,0,0
25,59.4,29.79,31.77,139.86,0,0.09
26,168.48,128.79,166.23,393.93,0,0.27
27,93.06,103.86,69.66,719.37,0,0
28,61.56,97.65,9.81,195.48,0,0.09
29,41.85,95.94,97.92,204.3,0,0.09
30,47.16,52.29,67.41,34.29,0,0
31,133.47,148.05,140.31,1122.03,0,0.18
32,195.57,172.71,155.97,1126.35,0,0.09
33,190.17,174.6,144.99,1457.73,0,0.36
34,183.6,192.15,193.41,63.81,0,0
35,54.72,38.88,32.31,3.6,0,0
36,47.88,56.79,46.98,234.63,0,0.09
37,73.89,75.33,144.72,454.77,0,0
38,786.42,31.86,2431.8,8197.56,0,0.09
39,69.12,102.15,101.16,1352.88,0,0.27
40,64.35,112.41,131.94,909.72,0,0.09
41,39.78,48.6,87.57,1161.18,0,0.27
42,150.75,155.34,214.11,1584.9,0,0.09
43,23.13,24.3,42.39,172.8,0,0.18
44,978.03,11.52,1997.19,6438.42,0,0.27
45,23.31,0.81,84.42,251.46,0,0
46,159.21,155.07,132.3,1068.48,0,0.09
47,62.55,2.43,189.81,47.61,0,0.18
48,71.46,56.16,164.79,144.72,0,0.27
49,433.26,879.93,3193.02,10733.49,0,0.09
50,119.97,88.47,48.33,84.06,0,0.09
51,44.1,55.17,138.69,64.89,0,0.36
52,21.96,15.84,26.1,70.11,0,0
53,15.03,21.42,47.25,29.79,0,0.27
54,767.88,550.35,1339.2,8300.61,0,0.09
55,36.9,46.26,38.97,83.34,0,0.27
56,1880.55,24.84,9491.4,2008.98,0,0
57,5.22,10.71,15.21,42.12,0,0.18
58,401.94,454.41,716.22,693.81,0,0.18
59,28.71,46.71,107.28,108.81,0,0.36
60,70.92,34.2,56.43,240.75,0,0
61,96.21,120.15,208.98,937.89,0,0
62,9.99,6.93,28.98,63.63,0,0.18
63,188.28,251.01,392.4,1483.02,0,0.09
64,3.87,1.53,0.18,87.12,0,0.45
65,33.3,13.32,19.8,66.69,0,0.09
66,66.96,77.67,51.3,152.73,0,0.09
67,49.14,63.99,114.57,424.89,0,0
68,327.42,415.08,1036.8,3126.06,0,0
69,944.1,393.3,1347.21,7506.27,0,0.27
70,789.21,696.87,1432.44,2822.67,0,0.18
71,44.1,60.12,47.88,11.79,0,0.09
72,16.29,53.19,82.08,39.96,0,0
73,23.58,49.41,28.53,84.6,0,0
74,288.36,260.91,390.33,180.99,0,0.09
75,565.2,710.19,2796.3,5546.97,0,0
76,123.3,193.77,511.2,1585.35,0,0.18
77,210.42,372.96,1130.85,3377.07,0,0
78,46.98,115.47,330.93,277.38,0,0
79,151.38,206.1,225.9,3209.67,0,0.18
80,22.23,31.59,114.21,122.4,0,0.18
81,709.74,735.03,1951.2,4812.3,0,0.18
82,203.58,302.31,953.37,3628.71,0,0.18
83,4801.32,9481.77,46251.18,27939.78,0,0.18
84,752.94,694.44,1574.28,8988.3,0,0.63
85,545.31,572.4,1262.43,9314.46,0,0
86,2205.54,2018.16,5499.72,14755.86,0,0.27
87,245.79,588.15,1286.91,9025.11,0,0.18
88,112.5,107.19,177.3,1036.17,0,0.18
89,78.39,103.05,127.8,608.94,0,0.18
90,30.69,83.7,679.5,489.51,0,0.18
91,283.68,322.92,368.1,3329.01,0,0.09
92,446.4,845.28,977.94,3363.75,0,0.09
93,201.87,197.37,849.87,1689.39,0,0.18
94,1194.57,1435.05,1869.57,3926.88,0,0.36
95,279,416.25,371.79,624.6,0,0.36
96,275.4,354.15,432.81,918.72,0,0.09
97,1812.15,2438.1,2993.94,10084.5,0,0.09
98,382.86,360.18,555.39,2068.83,0,0.18
99,1649.7,970.65,3049.56,12642.12,0,0.09
100,947.97,2188.53,2158.56,4933.98,0,0.18
101,145.17,384.3,174.06,669.78,0,0.18
102,21.6,0,0,0,0,0.18
103,69.03,16.47,174.42,391.86,0,0.18
104,1108.89,1319.04,3130.65,3672.63,0,0.09
105,7.65,8.28,65.52,41.31,0,0.09
106,66.69,72.18,47.52,249.12,0,0.36
107,18,12.06,39.96,36.63,0,0
108,13.95,29.61,13.41,136.26,0,0
109,35.46,135.09,34.56,86.94,0,0
110,26.55,27.72,19.62,177.48,57.33,0.27
111,265.77,54.63,183.06,167.49,0,0.36
112,29.25,27.99,111.96,205.02,0,0.09
113,8.01,15.03,26.55,15.57,0,0.09
114,55.53,55.8,119.43,170.01,0,0.18
115,11.7,35.28,12.15,38.88,0,0
116,114.93,314.28,135.18,241.38,0,1.44
117,1184.13,429.84,3076.56,14369.4,3341.61,0
118,573.48,1799.1,766.17,3472.74,0,0.18
119,92.88,83.79,123.84,200.43,0,0
120,25.38,32.4,24.66,7.47,0,0.18
121,63.18,83.52,23.31,251.01,0,0.09
122,18.09,45.18,38.97,248.4,0,0.09
123,1715.94,4617.36,1280.43,1890.54,0,0.18
124,734.67,2562.93,1071.99,1766.79,0,0.27
125,470.88,1228.95,322.38,683.1,0,0.09
126,484.65,2943.45,1104.66,3222.81,0,0.09
127,24.84,61.2,12.6,23.58,0,0.27
128,25.38,35.01,77.49,19.98,0,0
129,1911.51,3953.88,2990.61,9519.75,0,0
130,213.66,455.22,236.34,1370.34,0,0.18
131,259.29,39.87,160.11,834.84,0,0
132,39.42,30.96,69.39,64.44,0,0.18
133,88.2,76.5,239.31,296.82,0,0
135,1170.36,2142.72,1506.42,5486.31,0,0.09
136,15.48,49.14,307.71,28.8,0,0
137,224.37,658.26,247.23,303.66,0,0.09
138,84.96,157.5,92.34,178.47,0,0
139,306.45,71.28,450.81,1621.98,30.24,0.18
140,24.84,2.61,20.52,169.83,0,0.36
141,142.65,294.48,425.34,24.75,0,0.09
143,95.4,0,5.31,2.88,0,0.09
144,61.38,14.58,8.46,191.43,0,0.36
145,234.45,315.09,249.03,819.72,0,0
146,39.51,24.66,51.12,569.16,0,0
147,129.87,509.22,161.1,269.1,0,0.27
148,44.73,36.18,174.33,157.5,0,0
149,121.23,205.74,376.47,250.29,0,0
150,6.39,18.81,8.37,58.77,0,0.09
151,130.05,85.14,94.59,1608.12,0,0.09
152,451.98,218.43,1139.4,2719.71,117.09,0
153,1008.27,255.96,178.2,400.32,158.31,0.18
154,25.92,7.2,32.4,48.96,3.87,0.18
155,134.55,130.32,178.38,376.29,14.76,0.09
156,801.99,136.35,4233.24,887.31,52.74,0.09
157,437.22,128.61,721.17,1570.95,117.81,0.18
158,73.08,37.26,288.36,477.63,74.79,0.18
159,270.09,642.69,696.24,2517.12,195.48,0.27
160,1441.98,2173.05,6714.45,2528.82,0,0
161,131.58,6.48,401.94,67.23,0,0.27
164,19.26,30.15,56.43,764.91,0,0.18
165,418.5,237.33,879.75,7133.31,0,0.09
166,409.95,1076.49,507.69,2329.92,0,0
167,65.07,150.48,93.24,275.4,0,0
168,8.1,20.88,103.5,23.49,0,0
169,92.61,263.7,150.12,499.41,0,259.83
170,94.77,132.39,53.37,391.05,0,0.09
171,9.81,71.1,79.47,231.75,0,0.18
172,66.6,23.85,93.06,793.71,0,0.09
173,49.68,32.58,219.78,1019.34,27,0.18
174,239.4,603.99,349.74,2332.89,0,0.09
175,42.93,60.12,108.18,285.3,0.72,0.09
176,873.45,1512.18,1319.85,5548.59,0,0.9
177,13.86,31.68,24.66,94.14,0,0.18
178,27,36,53.01,439.92,0,0.27
179,120.24,132.03,612.09,691.11,0,0.27
180,704.52,1398.15,352.53,363.78,0,0.18
181,185.58,476.19,326.61,780.57,0,0.09
182,62.19,62.73,97.56,9.36,0,0.09
183,66.78,80.28,79.2,45.63,0,0.27
184,39.78,50.58,84.33,115.2,0,0.09
185,40.32,77.49,113.22,5.13,0,0.27
186,180.63,813.78,275.49,616.32,0,0.18
187,133.2,238.59,263.16,789.21,0,0.09
188,32.67,20.25,17.01,202.41,0,0.09
189,671.94,2357.46,797.22,2259,0,0.18
190,106.92,326.61,496.08,612.63,0,0.27
191,1000.53,1624.77,693.9,1161.45,0,0.18
192,149.94,197.28,281.79,148.14,0,0.18
193,51.93,39.96,57.15,92.88,0,0
194,156.24,165.24,79.92,155.61,0,0.09
195,302.58,872.37,367.56,2025.27,0,0.27
196,58.59,24.48,122.94,45.18,0,0.27
197,33.66,42.48,100.17,11.52,0,0
198,3333.33,1586.34,9732.15,19573.38,2401.56,0
199,895.14,98.55,8973.45,4646.25,0,0.36
200,1768.23,57.6,7281.09,1491.48,0,0.36
201,1857.69,2932.02,1776.69,8455.77,1167.84,0.27
202,18,20.25,34.83,22.14,0,0.09
203,4248.45,6740.82,7858.44,36086.94,0,0.27
204,4300.29,6467.13,4113.27,17041.23,0,2127.87
205,1381.05,3148.92,2315.88,8315.73,0,0.18
206,1458.27,2424.78,1435.86,7812,0,0.09
207,2917.89,637.83,10957.23,19122.12,0,264.69
208,2556.72,5869.44,4751.82,17045.28,0,0
209,7.02,3.69,16.74,65.34,0,0
210,18.9,12.42,10.89,7.02,0,0.18
211,61.38,7.74,69.75,92.34,0,0.09
212,51.21,35.1,35.19,50.31,0,0.09
213,33.39,35.19,63.54,166.86,0,25.83
214,65.43,63.99,679.41,289.26,0,0.09
215,53.01,25.47,34.29,46.17,0,0
216,111.96,473.49,217.53,355.68,0,0.09
217,4777.11,6626.07,14415.39,14713.47,0,0.18
218,3121.38,279.45,6888.96,50308.47,0,0
219,8800.38,930.15,7162.56,46200.96,0,0.27
220,164.88,183.24,185.76,792.54,0,0
222,25.74,44.73,52.74,974.34,0,0
223,306.63,516.15,990.09,2884.68,0,0.63
224,221.76,469.71,1081.53,1462.5,0,0.18
225,31.32,57.78,46.89,25.74,0,0.18
226,270.27,86.67,127.8,77.76,0,0.18
228,51.3,43.56,144.81,103.23,0,0.09
229,90.36,162.99,649.53,221.58,0,0.09
230,47.25,74.34,117.99,109.53,0,0.18
231,11.52,19.98,22.68,109.62,0,0.18
232,1072.53,1750.41,15988.05,10413.36,0,0.18
233,71.64,116.01,106.38,581.13,0,0.09
234,22.59,18.9,30.33,366.75,0,0
235,82.35,150.66,230.22,1687.41,0,0
236,54.45,127.17,296.37,1090.08,0,0
237,154.35,351.09,983.34,3886.56,0,0
238,445.68,569.43,1047.51,5472.36,0,0.18
239,566.28,1104.57,2521.71,14104.44,0,0.09
240,162.99,650.61,1650.51,4465.62,0,0
241,323.55,437.04,1009.35,2878.47,0,0
242,783.99,2033.91,3973.77,4388.67,0,0.09
243,274.68,395.73,633.42,4371.21,0,0.18
244,327.6,732.42,1484.82,6321.06,0,0
245,1711.17,2153.7,2166.48,5469.3,0,0.27
246,245.61,453.33,664.74,1132.74,0,0.09
247,85.68,137.97,285.57,392.22,0,0.09
248,103.05,178.38,210.87,529.38,0,0.27
249,243.45,271.17,362.97,1101.6,0,0.18
250,36.54,32.67,26.37,153.54,0,0.27
251,1474.56,4635.45,2842.83,8800.83,0,0.27
252,982.08,1853.37,1910.07,3271.77,0,0
253,2673.27,3533.85,6956.73,21888.99,0,0.09
254,2622.69,3186.99,3763.53,24387.66,0,0.18
255,856.44,976.5,1082.61,8327.43,0,0
256,8.28,7.74,5.04,226.26,0,0
257,825.57,1158.21,1175.58,3752.82,0,0.09
258,792.45,977.4,938.52,3167.82,0,0.09
259,89.82,27.54,27.63,251.64,0,0.18
260,406.44,519.57,904.41,5271.48,0,0.36
261,23.4,33.93,50.4,154.8,0,0.09
262,995.85,1917.36,1228.86,3889.26,0,0.18
263,6.21,3.87,1.17,14.85,0,0.18
264,0.99,0.18,0.81,0.36,0,0
265,27.45,6.39,3.69,19.35,0,0.36
266,12.6,3.6,9.54,12.6,0,0.09
267,19.71,5.22,5.76,22.68,0,0.09
268,3.24,0.99,1.62,23.04,0,0.09
269,1.35,2.52,5.04,1.62,0,0.54
270,10.44,7.74,12.42,6.3,0,0
271,0.9,1.35,3.69,5.76,0,0.18
272,4.59,0,17.1,0.18,0,0.27
273,1.8,0,3.06,0.09,0,0.09
274,38.25,1.62,11.61,142.83,0,0.09
275,31.14,1.8,32.76,126.45,0,0.18
276,21.06,4.59,1.08,0.63,0,0.18
277,1.53,2.43,0.27,0.27,0,0
278,4.86,5.58,5.13,4.77,0,0.09
279,9.72,5.13,40.86,60.66,0,0.09
280,9.36,2.07,4.77,39.69,0,0.09
281,15.57,2.88,2.88,99.09,0,0.09
282,7.29,8.1,15.39,69.3,0,0.09
283,11.25,0,0.99,0,0,0
284,26.82,13.05,20.88,15.66,0,0.36
285,7.56,4.95,6.21,7.38,0,0.27
286,0.81,3.69,7.38,19.17,0,0
287,3.51,2.07,8.19,0,0,0.09
288,7.2,13.41,8.37,10.26,0,0
289,0,0.18,0.54,21.42,0,0
290,9.99,0.27,4.14,48.69,0,0.36
291,14.85,1.53,5.58,124.65,0,0.18
292,10.98,1.35,15.03,67.68,0,0.18
293,14.49,10.17,20.97,44.19,0,0.09
294,4.77,4.86,9.72,14.67,0,0.09
295,21.06,0.36,26.64,36.36,0,0
296,8.82,12.78,12.87,32.94,0,0.27
297,0.9,1.89,5.13,25.11,0,0
298,32.4,16.92,11.16,76.23,0,0.27
299,32.58,16.02,14.67,76.05,0,0.09
300,5.76,4.41,1.98,8.64,0,0.27
302,20.79,22.59,12.6,5.31,0,0.18
303,13.14,33.12,30.6,7.02,0,0.09
306,0.27,0.36,0.54,16.83,0,0.09
307,13.5,6.3,24.3,75.69,0,0
308,7.83,3.51,1.62,45.27,0,0.09
309,46.89,39.87,5.76,26.91,0,0.09
310,65188.71,4943.79,147766.77,861161.13,0,1.44
311,4013.64,4728.6,10211.31,40871.07,0,487.8
312,18255.24,29599.38,65775.69,23795.46,0,23.58
313,150646.68,80474.04,121003.74,89744.94,0,0
314,7061.67,10215,19684.98,28401.75,0,0
315,406.62,532.71,458.91,484.83,0,0.09
316,765.09,634.23,851.76,1457.82,0,0.45
317,43532.19,12955.23,235257.75,52299.72,16.38,0
318,8570.07,5313.87,2750.4,90958.95,0,68.94
319,3816.81,2592.54,4475.16,1831.05,0,0.18
320,373.59,64.08,602.73,1802.88,0,0.09
321,15704.64,56277.63,75780.63,284644.8,0,0
322,1938.6,2653.56,7130.52,2607.3,0,0.09
323,4107.96,331.74,16906.86,165398.31,0,0
324,1086.39,705.06,1743.84,7248.87,0,0.18
325,490.77,579.51,662.13,4129.2,0,0.36
326,6724.98,10950.84,14167.44,17821.98,0,0.09
327,196.56,202.41,282.24,1562.49,0,0.18
328,4560.93,976.14,5529.15,39928.68,0,0
329,2361.33,532.98,3386.7,49072.05,0,0
330,1336.23,2000.88,4002.3,7952.49,0,0.18
331,16603.74,35187.03,70867.62,16224.57,0,0.09
332,92.88,19.62,12.96,145.35,0,0.09
333,221.22,388.71,465.21,638.37,0,0
334,279.54,523.26,677.7,747,0,0.36
335,533.52,941.58,1489.14,3316.86,0,0.18
336,10259.73,453.42,6546.51,66167.01,0,0.18
337,1381.14,78.21,612.27,15195.87,0,0.09
338,227.07,298.17,613.35,2341.35,0,0.09
339,11646.72,12071.7,154445.31,76824.99,0,4980.33
340,12770.64,7846.83,84844.62,60850.26,3225.87,7830.45
341,11448.27,103733.28,61244.01,107519.04,0,53136.45
342,13911.39,36165.87,19142.28,41669.1,594.09,0.09
343,7216.38,2068.47,68252.49,28278.18,4549.23,0
344,12278.25,2628.18,25812.99,26657.64,6132.51,0.18
345,29450.07,9836.37,253818.81,49843.35,11772.81,0.99
346,12850.02,25035.03,683863.74,209262.33,0,3142.08
347,28689.57,44390.25,63376.02,290770.47,0,0
348,30539.79,39551.4,58578.84,140479.56,447.48,1.35
349,10724.76,1403.01,38950.74,372718.08,0,10.17
350,3902.58,1185.03,14247.36,88959.33,1782.54,2.79
351,12596.04,1107,13576.05,41915.97,275.49,0.27
352,6117.84,1776.69,12107.16,33929.82,395.73,0.18
353,423.09,382.68,411.75,20632.23,2354.4,0.45
354,19105.47,5588.91,68186.25,383886.45,39674.97,0
355,1861.2,3268.89,13496.22,36235.44,2.07,0.09
356,3991.59,8836.29,6522.57,38789.28,4379.04,0.09
357,2381.67,8597.52,7254.18,12416.13,628.65,0.18
358,268.56,228.6,81.18,2646.99,62.46,0.36
359,15983.01,18950.22,13595.4,388286.55,6175.8,10.89
360,1323.9,946.35,3903.21,21628.26,46.17,0.27
361,21549.24,8185.41,101854.71,19656.72,2062.98,0.09
362,21302.46,11963.16,16900.2,180851.94,0,0.63
363,16444.62,4207.77,37018.98,96793.92,23496.12,0
364,10634.67,5050.98,14886.27,82139.04,956.61,0.18
365,12744.36,1637.91,32315.67,63340.74,819.36,0.36
366,15672.69,19033.02,11222.1,138063.96,3923.91,0
367,5796.81,3221.37,65562.66,11967.21,778.77,817.47
368,2.52,0.18,2.16,4.95,0,0
369,45.9,0,0.18,0.09,0,0.09
370,17.1,0,0.18,0.09,0,0.09
371,77.85,0,0,0.09,0,0.18
372,845.01,0.81,0.54,2.25,0,0.09
373,8.55,0.36,0.09,0.27,0,0
374,16.47,0.18,0,0.45,0,0.09
375,91.98,0.18,0.18,3.87,0,0.36
376,7.02,0,0,0,0,0
377,34.56,0,0,0.18,0,0.36
378,10.89,0.09,0,0,0,0
379,99.81,0.18,0.45,1.44,0,0.27
380,3.78,0,0,0,0,0
381,106.47,0,0.09,0.36,0,0.18
382,45.09,0,2.97,1.62,0,0.09
383,7.29,0,0,0,0,0.09
384,11.34,0,0.27,0.54,0,0
385,3.69,0,1.71,0,0,0.09
386,13.77,0.54,9.72,0,0,0
387,4.05,3.06,7.11,0.54,0,0
388,3.6,0.18,0.72,0,0,0.18
389,19.44,0.18,0.45,0,0,1.71
390,2.25,0.27,1.71,0.18,0,0.09
391,2.7,0.36,0.63,0.72,0,0.09
392,6.3,2.16,10.98,3.06,0,0.09
393,13.59,0,1.08,4.41,0,0.18
394,8.37,0.18,4.14,5.31,0,0.09
395,5.13,0.18,5.76,3.69,0,0.18
396,8.64,2.25,12.42,25.02,0,0.09
397,1.35,3.87,0.81,1.89,0,0
398,12.87,1.44,0.45,0.36,0,0
399,6.12,0,0,0,0,0.09
400,2.16,2.16,2.16,0.81,1.53,0
401,2.79,0.09,0.09,1.44,0,0.09
402,4.41,2.07,14.58,3.96,0,0.09
403,1.44,1.89,0.45,0.81,0,0.09
404,2.43,0.99,3.96,3.24,0,0.09
405,15.39,0.45,12.15,29.88,1.26,0.18
406,9.09,2.34,9.36,16.65,0,0.09
407,1.08,1.71,0.36,0,0,0.18
408,18.36,20.61,9,11.88,0,0.36
409,14.13,26.19,21.33,60.3,0,0
410,17.46,13.14,4.05,6.75,0,0.18
411,8.37,21.33,7.11,11.43,0,0.09
412,22.41,43.29,4.59,5.94,0,0.27
413,4.41,5.49,1.08,2.16,0,0.18
414,5.04,13.68,3.6,4.23,0,0
415,8.19,7.74,3.33,1.71,0,0
416,11.34,14.04,11.34,20.07,0,0.18
417,2.88,2.25,0.63,0.63,0,0
418,5.04,1.35,0.9,2.7,0,0.09
419,0.18,0.36,0.09,2.07,0.09,0.09
420,9.27,3.15,1.8,31.5,0,0
421,8.37,0.45,0.45,12.15,0,0
422,7.83,0.45,0.09,4.41,0,0.09
423,0.18,0,0.27,8.91,0,0
424,7.56,2.61,0.72,16.65,0,0.27
425,1.8,1.17,0.63,1.53,0,0.27
426,6.75,4.86,1.89,47.07,0,0.45
427,10.62,7.2,4.32,36.18,0,0
428,410.85,138.96,224.91,7913.16,0,0.09
429,4.05,14.13,31.14,3.51,0,0.09
430,8.73,10.8,6.21,3.78,0,0.18
431,10.26,9.99,40.59,15.03,0,0
432,2.25,0.99,1.71,0.45,0,0
433,1.89,1.08,1.53,0.99,0,0.18
434,7.11,3.96,10.08,13.59,1.35,0.45
435,108.99,81.99,240.3,136.26,0,0.54
436,1.08,0.27,0.54,0,0,0
437,1.44,0.9,1.17,0.27,0,0
438,8.19,7.29,9.99,18.27,0,0.27
439,2.97,2.25,2.07,3.87,0,0.45
440,8.01,6.39,9.45,41.67,0,0.09
441,9.09,14.31,38.34,20.16,0,0.27
442,2.43,1.26,2.97,0.54,0,0
443,3.15,3.69,1.98,0,0,0.09
444,0.54,0.9,5.58,13.32,0,0
445,6.66,3.96,9.9,6.93,0,0.18
446,1.8,0.63,0.81,0,0,0
447,42.21,36.18,12.42,206.37,0,0.18
448,2.34,2.07,8.55,7.02,0,0
449,0.99,1.53,3.06,0,0,0
450,4.41,14.22,78.75,46.17,0,0.36
451,1.08,0.54,1.53,0.09,0,0.09
452,5.31,0,0,0,0,0
453,7.11,0.18,4.5,2.52,0,0.18
454,282.42,5.67,5.85,16.38,0,0.18
455,15.75,8.19,1.26,36.54,0,0.18
456,9,3.15,4.32,27.18,0,0.18
457,13.5,2.97,6.66,1.53,0.54,0.18
458,0,0,0,0,0,7.38
459,1.08,1.35,0.36,0,0,0.27
460,2.88,0.99,0.18,0.09,0,0.18
461,1.71,0.72,0.45,0.18,0,0
462,1.17,0.27,0.9,0.99,0,0
463,3.51,3.78,3.87,1.26,1.98,0
464,5.67,6.03,9.45,5.85,3.69,0
465,3.15,2.25,3.6,0,1.35,0
466,3.15,1.53,0.27,0.63,0,0.09
467,0.09,0.27,0.63,3.42,2.16,0.09
468,313.74,21.96,319.32,55.17,9.63,0.09
469,565.65,283.5,644.49,253.53,17.82,0
470,1093.95,237.24,430.92,482.58,17.1,0.09
471,297.72,21.78,112.32,35.91,1.26,0.18
472,5669.64,683.1,3430.35,2226.24,81,0.18
473,69.93,28.89,219.15,117.18,3.06,0
474,101.16,16.56,106.29,35.19,0.63,0.09
475,2535.66,731.16,6120.9,4548.06,289.89,134.73
476,162.72,113.31,863.1,432.18,0,0.27
477,893.88,409.68,2556.09,1047.78,7.29,0.36
478,212.31,177.57,1229.4,217.53,0.27,0
479,104.85,58.95,292.59,55.62,3.51,129.06
480,143.28,17.46,46.08,28.44,15.66,0
481,2230.02,780.3,3811.41,186.48,307.98,0.27
482,35.01,9,89.1,192.51,47.88,0.09
483,859.32,8066.97,6547.41,9250.83,0,0.27
484,40.5,11.34,90,146.61,28.26,0
485,736.02,296.55,3912.12,378.9,631.53,0.27
486,397.53,72.45,254.43,255.06,185.76,42.84
487,409.41,53.73,250.11,312.03,92.88,0.09
488,112.23,21.24,592.47,56.79,0,0.18
489,140.4,49.23,307.62,724.59,50.67,32.04
490,176.94,40.59,436.5,350.55,9.81,0.18
491,328.68,894.51,409.77,607.41,255.6,0.18
492,25.56,13.41,78.39,80.82,57.87,3.51
493,1635.75,6766.92,2073.96,2450.43,344.07,988.02
494,104.4,29.52,175.14,88.29,24.66,23.04
495,279.27,28.71,290.43,151.02,51.75,0
496,652.95,2202.57,955.53,1874.61,139.23,0.09
497,395.55,99.54,744.48,486.72,155.43,166.23
498,18.9,8.1,55.17,174.69,38.97,1.17
499,1457.55,1130.4,5482.08,7183.44,186.3,0
500,155.61,691.47,857.25,1167.48,0,0
501,137.07,37.53,747,235.89,240.66,364.77
502,43.47,5.04,83.97,135.09,1.62,14.13
503,363.15,92.61,760.32,472.95,88.65,0.18
504,4202.1,31427.73,6303.6,6280.29,0,8.73
505,530.46,219.96,1675.08,2349.18,837.45,0.09
506,238.41,64.17,3989.61,1281.69,1872.63,829.98
507,45.72,15.48,136.89,126.99,59.58,2.52
508,4479.21,1572.21,12994.29,11143.44,1033.29,0.36
509,69.48,13.32,70.56,54.99,0,0.09
510,264.24,130.59,605.16,575.19,51.21,0
511,31.05,71.46,125.55,209.79,1.44,0.09
512,1096.38,304.2,1567.08,2823.48,303.75,0.18
513,152.91,222.03,929.34,615.78,245.43,0
514,87.75,143.1,58.05,146.97,233.37,0.18
515,352.71,81.27,819.54,835.83,1.89,0.09
516,1953.81,852.39,5958.54,9171,1490.76,0.09
517,5738.31,1064.97,25084.98,4531.86,546.3,0.18
518,1809.36,5137.2,5245.65,15674.85,0,0.18
519,3086.37,1118.16,3322.62,2879.82,207.45,0.09
520,85.59,76.77,394.11,183.06,75.51,0.09
521,575.91,516.69,3071.43,1317.6,275.85,0
522,786.42,372.15,2644.56,1344.42,480.78,8.91
523,67.86,178.92,1804.32,489.24,0,0.27
524,238.68,188.37,556.11,13.05,0,0.18
525,63.63,91.17,343.8,30.96,0,0.09
526,124.2,129.87,97.83,433.8,0,0.09
527,84.51,168.12,923.85,87.48,0,0
528,1088.37,2748.96,12673.17,1772.19,0,1.17
529,808.83,1176.84,6387.12,869.4,0,43.2
530,1398.6,252.99,2089.8,852.39,152.64,292.32
531,252.99,455.67,1505.97,70.38,0,0.09
532,55.98,68.94,268.83,23.22,0,0.18
533,1723.05,3540.96,12769.65,1733.67,0,0.18
534,105.21,171.54,732.78,79.29,0,0.09
535,2410.2,5315.31,56153.07,11119.5,0,0
536,42.57,125.64,616.5,27.81,0,0.09
537,214.83,82.08,103.41,269.28,0,0
538,18.36,53.91,365.04,19.8,0,0.09
539,1153.8,5903.55,2217.42,3520.98,322.29,3.87
540,2033.19,973.8,8655.57,5273.19,1619.91,0
541,8512.38,1842.66,19709.19,19755.63,6031.17,0.18
542,282.06,854.73,3737.16,452.25,0,0.09
543,310.95,654.39,3550.59,486.36,0,0
544,271.53,937.71,74.25,4158.36,0,0.09
545,4340.61,26157.33,21736.44,31369.86,0,0.09
546,1339.56,8539.29,3582.27,12859.74,0,58.23
547,469.98,697.14,2877.12,126.9,0,0.27
548,92.7,205.83,985.77,111.06,0,0
549,438.57,315.18,2371.68,3613.95,724.59,0
550,515.34,1068.93,256.77,7697.25,0,3180.33
551,116.1,190.89,543.06,20.97,0,227.97
552,1758.96,474.39,4679.55,975.24,447.93,0.09
553,309.33,2558.97,929.25,2355.66,0,1531.8
554,376.92,1049.31,5214.87,568.44,0,823.23
555,115.38,191.7,297,1512.99,0,14.4
556,25.38,60.21,22.86,263.34,0,14.94
557,1604.97,1301.94,5710.59,6351.75,2326.32,0.18
558,170.28,443.88,743.13,2894.49,0,7404.84
559,281.79,337.41,512.37,3797.37,0,0.36
560,88.56,123.84,432.63,701.19,0,0.09
561,3076.47,24074.46,11245.95,35808.48,0,199.8
562,1430.19,1016.01,3429.54,5397.93,0,268.2
563,272.16,186.21,638.19,842.94,0,0.18
564,6327.54,6059.25,11422.71,31223.97,0,0.27
565,1149.84,1149.66,3807.9,4895.37,0,0.09
566,1248.12,1022.31,2878.47,11532.96,0,0
567,7201.8,22016.25,7506.18,15570.99,2453.31,0.27
568,323.64,383.85,1278.27,851.67,0,0.18
569,125.01,132.12,246.33,909.36,0,0
570,262.62,137.34,278.19,590.58,0,0
571,7060.68,7675.29,17289.09,25445.34,0,0.18
572,653.31,1290.69,1315.08,5425.38,0,0.09
573,1782.99,6434.73,3402.36,7511.49,0,0.18
574,191.34,190.8,334.89,523.08,0,0
575,188.82,130.05,130.95,138.06,0,0.09
576,680.94,806.04,851.67,2805.39,0,0.09
577,184.23,256.41,113.4,1017.54,148.86,0.18
578,876.42,1829.7,3262.41,224.64,0,0.09
579,3302.82,12027.78,5005.08,6398.46,0,0
580,234.27,144.09,207.99,531.36,0,0
581,81.45,9.18,498.69,172.8,61.56,0
582,7539.03,1949.49,11906.55,474.3,3.06,1.8
583,96.84,15.48,39.24,1.89,0,0.18
584,56.61,70.29,5.85,2.16,0,0.27
585,15.84,8.19,8.19,17.73,0,0.09
586,240.93,431.73,293.22,3107.79,0,0.18
587,1246.23,1.98,0.54,4.95,0,0.27
588,1189.71,0.09,0.27,16.02,0,0.27
589,61.38,31.95,500.04,16.2,0,943.83
590,1460.88,2493.09,1160.73,1650.15,0,0
591,76.14,113.4,278.28,224.91,0,0.09
592,66.24,130.32,12.15,705.6,0,0
593,234,329.49,238.41,960.57,0,0.09
594,528.57,437.22,1891.62,1352.43,0,0.09
595,321.93,9.27,9.54,2.43,0,0.09
596,187.11,101.88,92.34,370.08,0,0.18
597,120.51,57.6,448.11,203.49,100.17,0.18
598,79.47,76.68,107.55,327.33,0,0
599,129.33,23.22,269.91,2.88,0,0.09
600,162.81,57.42,105.3,54.27,0,0
601,50.22,240.21,26.01,16.74,0,0.09
602,31.23,17.64,75.96,158.76,0.81,0.09
603,37.89,64.62,41.04,69.39,47.79,0.45
604,33.3,40.05,79.2,10.8,0,0.09
605,14190.3,23359.23,37980.63,49097.7,4503.33,0.18
606,820.53,57.42,1108.53,15578.01,0,0.09
607,845.82,66.51,1324.08,3927.96,0,0.18
608,639.81,242.46,9963.81,4680.45,0,0.72
609,27.54,44.01,100.62,370.71,0,0
610,111.42,17.46,85.23,1262.88,0,0.18
611,64.35,53.82,563.49,377.28,0,0
612,27.27,5.94,26.1,457.56,0,0.09
613,20.61,13.59,21.51,469.8,0,0.18
614,144.63,131.67,729.9,1282.5,0,0
615,295.47,5.04,549.09,3769.38,0,0.09
616,469.17,271.98,889.29,3958.65,0,0
617,92.61,49.32,160.56,500.58,0,0
618,212.4,187.92,875.07,2044.17,0,0
619,77.85,39.87,49.05,1223.73,0,0.27
620,96.75,137.88,296.19,773.82,0,0.36
621,6.84,4.05,0.81,361.8,0,0.09
622,580.5,282.51,670.41,3024.63,0,301.95
623,8.37,4.77,3.96,300.6,0,0
624,327.78,511.92,1965.69,7544.25,0,0.09
625,929.79,102.42,1560.69,5434.11,50.22,0
626,711.54,537.93,1399.23,3492.45,0,0.18
627,8.19,7.11,9.63,137.52,0,0.18
628,4827.78,7765.83,9150.75,27594.81,0,0.18
629,246.06,311.49,541.08,1790.55,0,0
630,368.46,286.56,978.3,6710.67,0,0.09
631,81.36,74.25,220.05,889.47,0,0.09
632,50.4,2.79,80.73,1001.07,0,0
633,707.31,646.92,2180.88,11781.9,0,0.09
634,125.37,230.94,73.35,275.13,0,0.09
635,560.16,411.12,1034.64,5373.63,0,0.27
636,343.35,143.28,445.14,2369.88,0,0.09
637,2245.14,2668.23,2603.79,7825.05,577.89,0.18
638,189.9,139.14,438.12,2039.13,0,0.27
639,19.62,17.28,38.88,351.99,0,0.18
640,137.88,306.09,277.11,656.19,0,0.09
641,2863.71,194.67,4890.78,7870.23,0,0.09
642,396,355.41,985.5,3812.94,0,0.36
643,194.13,31.77,156.87,245.16,3.78,0.09
644,74.07,45.18,104.76,438.39,0,0.27
645,147.69,69.93,88.56,5001.75,0,0.09
646,387.18,589.32,1626.39,3081.69,0,0.09
647,681.39,145.08,294.93,3690.45,0,0
648,41.85,0.09,5.31,0.27,0,0
649,120.42,69.57,489.15,2936.97,0,0.09
650,627.21,1058.85,796.14,3173.94,0,0
651,58.95,5.49,399.6,788.67,29.61,0.18
652,4591.62,381.33,8727.21,31749.39,490.68,0.09
653,102.78,142.2,333.09,823.59,0,0
654,312.21,256.5,598.5,2748.33,0,0.09
655,1981.53,113.85,6470.37,28849.41,0,0
656,5.49,1.8,8.46,259.02,0,0
657,69.66,0.18,72.54,44.19,0,0.09
658,100.89,0.09,9.63,0.36,0,0
659,261,0.27,294.21,102.96,0.72,0.18
660,104.76,13.59,350.73,490.68,0,0
661,2336.4,624.96,15808.59,15950.43,0,45.54
663,62.19,10.98,129.42,323.73,0,0
664,82.8,12.42,755.91,221.94,0,0.18
665,1188.36,658.53,1004.85,3703.23,0,0.18
666,32.22,16.02,88.47,249.3,0,0
667,297.27,0,0,0,0,0.18
668,2122.74,0.18,594.81,396.81,0,0
669,32.49,19.53,59.76,485.19,0,0.09
670,90.54,26.82,1345.86,506.34,0,0.18
671,209.97,81.09,1655.28,925.29,50.58,0.27
672,89.73,30.06,21.96,532.17,0.54,0.27
673,1270.53,155.16,1460.34,2838.51,5.85,0.18
674,43.92,0,75.78,24.57,0,0.09
675,2516.49,387.63,15543.9,4258.98,0,0.18
676,375.12,46.8,855.18,189,0,0.09
677,1207.44,370.71,13032.45,4239.54,38.34,0.27
678,9150.84,1607.04,47485.62,12064.77,74.52,0.09
679,1696.86,627.48,9010.08,986.85,10.8,0.18
680,416.79,337.5,254.34,2952.63,15.12,0.27
681,15421.05,2531.88,28619.19,30515.04,384.84,0.54
682,892.35,1126.53,699.57,12330.54,50.13,0
683,2530.53,625.59,5907.33,15966.99,16.56,0.27
684,2996.1,1725.21,493.65,6083.28,7.92,0.09
685,759.33,1063.08,910.08,5300.1,5.04,0.09
686,3533.67,3276.45,9929.52,35891.01,0,0.27
687,105.57,71.28,91.08,167.58,1.08,0.09
688,5924.7,2978.82,2935.71,34069.23,0,0
689,2095.83,1706.31,784.44,8467.2,58.14,0.18
690,698.13,766.89,562.59,1587.69,46.44,0.09
691,210.69,342.99,215.91,314.73,22.59,0.18
692,109.26,154.53,879.66,3817.26,0,0.09
693,2055.69,4181.04,2892.15,19884.69,170.37,0.27
694,20.79,23.22,45.27,201.06,1.62,0.36
695,390.51,1111.86,1103.4,2606.31,0.45,0
696,166.95,130.14,237.42,3967.47,94.95,0.18
697,306.9,444.42,911.7,3399.21,0,0.09
698,581.22,444.51,100.89,5900.67,381.69,0
699,1543.68,1345.41,1912.86,7361.28,277.65,0.18
700,231.66,61.56,2553.93,1017.81,8.1,0
701,226.26,377.46,291.69,942.66,21.78,0
702,63.45,0,658.53,3.33,0,0.09
703,182.7,27.63,916.92,772.2,0,0
704,616.68,155.25,1892.88,2432.7,43.83,0.27
705,8915.31,556.02,8454.51,13823.37,131.49,0
706,1730.97,321.75,4137.48,7268.4,203.13,0
707,196.92,4.95,211.05,78.75,0,0
708,830.7,46.17,1179.27,2138.13,24.39,0.09
709,370.89,18.45,938.97,726.12,3.69,0.09
710,886.59,48.42,1264.77,1539.99,0.45,0.09
711,1829.34,445.23,1639.71,10369.8,188.46,0.18
712,7862.4,2279.25,7489.26,38038.77,764.19,0.09
713,834.21,245.52,571.32,5372.73,39.33,0.09
714,1039.14,131.76,1712.7,4055.49,1.53,0.18
715,20.52,33.21,25.56,100.89,1.44,0
716,8253.81,1016.1,10361.25,21997.71,632.52,0
717,0.99,0,1.89,0,0,0
718,10270.89,368.64,14953.5,9819.54,86.76,0.09
719,247.32,52.29,36.63,127.89,0.9,0.09
720,1433.61,494.28,1060.92,5562.27,669.51,0.09
721,247.68,25.65,400.5,271.98,0.27,0.09
722,1940.85,500.85,1791.63,2307.33,48.6,0.27
723,574.2,116.55,1165.68,2600.55,5.31,0
724,6430.5,790.65,3001.14,5763.24,29.7,0.09
725,56.88,52.65,98.37,86.04,0,0.09
726,951.3,203.04,2649.24,12149.64,0,0.18
727,305.91,323.37,58.59,22.05,0,4.86
728,137.43,60.39,51.48,89.55,0,0.18
729,1312.47,527.67,3213.9,16598.25,0,1.8
730,1816.83,2335.5,1490.58,7779.78,0,0.18
731,37.35,26.64,63.27,525.6,0,0.18
732,42.66,62.73,50.04,227.79,11.43,0.18
733,1193.4,112.95,1124.19,1360.8,610.65,0.18
734,231.21,19.17,63.36,52.92,0,0.09
735,52.56,42.3,63.09,85.32,24.75,0.18
736,125.73,0.63,26.28,5.67,0,0.09
737,605.52,788.4,471.78,1574.73,27.99,0.09
738,56.88,96.21,154.98,328.23,4.05,0.18
739,70.29,80.1,88.83,139.5,18.9,0.45
740,130.59,132.03,322.29,390.06,58.32,0.09
741,104.58,41.49,36.18,143.82,0,0.18
742,27.81,65.16,56.25,81.45,2.25,0.27
743,60.3,59.4,69.12,94.41,5.49,0.18
744,37.62,38.97,36.09,51.66,11.34,0.27
745,88.83,127.89,209.88,527.49,125.01,0.27
746,135.09,188.64,173.16,840.24,205.2,0
747,43.11,37.62,74.7,62.73,11.79,0.27
748,35.37,56.88,33.66,113.13,53.46,0
749,8.19,32.67,64.08,27.81,1.89,0.18
750,3753.63,1827,1221.75,155.16,40.14,6.39
751,84.06,36.54,43.02,76.77,37.35,0.09
752,81,57.96,132.57,199.71,12.78,0.27
753,26.19,56.88,41.04,47.79,19.08,0.18
754,87.12,125.46,115.74,213.84,7.29,0.09
755,225.27,317.79,275.49,350.91,34.2,0.27
756,541.17,791.64,1128.33,1278.72,132.93,0.18
757,1390.14,1757.97,1359.27,2358.09,273.6,0
758,32.94,150.93,154.44,96.75,7.65,0.18
759,234.27,235.08,139.32,133.11,0.63,0.09
760,94.41,169.2,96.03,209.34,66.6,0.18
761,112.23,232.02,310.14,571.77,93.06,0.18
762,232.29,348.39,579.33,71.82,13.59,0.18
763,251.1,1271.34,1230.48,3922.47,427.77,0.18
764,13.32,1.08,2.79,1.8,0,0
765,62.28,106.56,73.26,21.06,0.54,0.36
766,174.96,375.12,667.62,2405.52,533.07,0.09
767,36.63,19.26,24.03,84.33,17.55,0
768,17.91,86.22,35.01,10.35,1.53,0.27
769,321.21,531.72,437.49,393.21,44.64,0.18
770,82.44,218.79,471.6,230.13,6.39,0.09
771,46.44,52.65,59.76,115.02,0.09,0.09
772,197.91,716.85,915.57,1328.76,12.51,0.09
773,26.64,35.55,40.68,105.75,1.98,0.09
774,332.19,472.68,650.16,1640.25,27.36,0.27
775,15.75,33.3,28.71,129.6,0.63,0.18
776,22.14,72.72,48.51,78.39,0.18,0.18
777,19.08,69.66,47.97,85.77,0.45,0.09
778,219.51,427.59,454.41,3553.83,0,0.27
779,189.45,706.41,278.46,9992.25,0,0.27
780,2.43,3.06,0.27,140.76,0,0.18
781,260.28,1509.75,594.09,1882.53,0,25.47
782,157.5,49.05,129.78,945,0,0.09
783,94.59,97.92,263.97,699.93,0,0.09
784,92.88,52.92,120.87,1800.45,0,0
785,201.42,315.81,579.33,676.71,186.84,0
786,44.46,238.41,305.55,433.26,122.04,0.18
787,217.08,199.17,233.55,391.5,172.98,0
788,64.53,201.24,149.13,266.76,61.92,0
789,71.73,212.58,254.61,537.12,35.01,0
790,29.61,27,54,235.71,0,0.09
791,25.65,80.46,44.55,25.38,0,0.18
792,26.55,112.23,156.51,208.98,24.39,0.45
793,35.01,66.24,76.23,254.97,16.02,0.36
794,41.13,130.41,104.76,132.21,0.27,0.09
795,144.27,167.76,197.91,281.7,21.42,0
796,49.68,137.34,253.08,425.79,41.22,0.09
797,694.44,1946.97,858.96,17593.29,165.87,0.27
798,81.18,159.66,233.37,300.42,22.95,38.34
799,82.71,140.67,165.33,389.97,34.65,9.09
800,118.26,246.69,324.09,371.43,60.3,0.18
801,41.85,108.63,119.16,135.18,23.04,0.18
802,85.59,57.33,237.87,305.28,108.81,0.18
803,1139.13,3554.64,2013.57,4642.38,1079.55,0.09
804,84.6,122.22,76.59,97.92,3.96,0.09
805,250.11,462.87,519.39,735.12,96.57,0.18
806,1.35,8.55,11.61,54.72,7.92,0.27
807,507.6,874.53,1111.41,1555.65,67.86,0.18
808,429.03,1609.38,810.63,1558.26,59.85,0.27
809,51.57,171.36,44.37,296.64,9.81,0.09
810,20.25,9.45,18.99,76.59,6.3,1.35
811,48.33,91.44,306.9,436.05,86.67,0.18
812,20.07,37.98,116.1,795.15,189.72,0
813,35.01,55.98,71.28,121.05,0.09,0
814,368.82,502.38,372.15,836.64,109.35,0
815,62.19,193.95,133.92,115.38,4.5,0.09
816,36.81,29.79,29.79,20.34,0.18,0
817,87.3,93.87,32.4,40.23,5.76,0.18
818,389.79,871.11,2120.31,2523.78,122.49,0.27
819,41.94,20.97,60.66,151.38,36.36,0.09
820,252.72,656.64,556.74,3431.16,1.26,0.09
821,5.49,12.69,22.05,183.51,15.21,0.09
822,290.88,957.78,827.28,1919.61,54.36,0.09
823,20.79,81.54,133.74,44.55,0.27,0.09
824,0.99,12.78,29.79,98.1,0.63,0.36
825,180.36,282.24,188.91,652.77,18.9,0
826,101.25,541.8,368.64,769.32,36.09,0.18
827,33.66,72.63,86.31,40.68,4.95,0.18
828,69.12,180.99,303.3,431.73,48.06,0.09
829,13.77,87.93,73.98,140.13,1.26,0.09
830,22.95,16.83,150.21,34.56,20.79,0.09
831,16.2,52.02,100.53,168.84,35.91,0
832,41.13,66.96,47.61,547.92,54.45,0.18
833,10.89,25.47,13.86,101.79,3.33,0.09
834,1313.91,2477.97,4797.18,2357.46,2052.18,0
835,260.19,586.35,551.88,1308.69,76.77,0
836,89.19,97.47,254.61,536.22,9.27,0.18
837,4867.74,5103.27,6790.86,31867.74,0,0.18
838,136.71,145.17,154.71,206.01,6.48,0.18
839,382.59,438.21,363.69,1370.97,435.87,0.18
840,207.9,481.32,697.14,2001.33,111.6,0.09
841,49.77,142.11,121.68,127.53,28.8,0.09
842,32.22,41.76,76.86,114.93,18.63,0
843,18.45,63.09,120.51,103.41,3.6,0.18
844,1366.56,4719.87,2825.37,4830.39,2880.72,0.81
845,96.75,274.05,395.19,522.54,116.64,0.09
846,30.24,24.3,20.79,337.23,55.53,0
847,36.72,17.37,21.33,241.74,11.61,0
848,197.37,255.87,1204.29,1215.72,0,0.09
849,1884.42,3837.24,1610.19,11396.16,522.99,0.27
850,1894.59,3935.61,1896.66,3834.99,619.2,0.09
851,33.57,19.89,50.85,475.65,70.92,0.18
852,736.11,2453.76,2925.81,2606.94,944.64,0.54
853,3497.22,7330.23,5879.79,18388.26,1181.07,0.09
854,3233.52,5064.39,7746.66,18025.92,3007.17,4.41
855,283.86,548.82,549.27,692.37,6.84,0.18
856,651.87,1469.34,1294.92,2660.13,190.53,32.4
857,480.6,2105.82,1735.47,928.44,180.54,0.09
858,404.55,2626.38,1917.09,7556.4,303.12,0.09
859,122.22,328.32,444.42,436.68,31.14,0.09
860,5.85,9,70.83,85.41,0.09,0
861,825.3,1800.63,1307.61,2412,237.51,0.09
862,67.86,239.49,238.77,515.88,21.87,0
863,43.2,145.44,394.65,526.5,17.01,2.52
864,3.51,42.66,88.65,185.4,4.86,0.18
865,27.72,16.92,27.81,118.08,5.13,0
866,514.62,767.7,1333.26,5088.87,739.44,0.36
867,13.86,14.22,61.56,629.91,27.54,11.07
868,126,213.75,256.59,207.81,17.91,0.09
869,18,26.64,66.87,278.73,10.8,38.79
870,20.16,53.37,85.23,212.85,8.19,0
871,312.39,271.17,373.77,543.06,24.03,30.78
872,68.49,216.18,277.83,504.81,8.19,0
873,23.04,69.48,138.69,157.23,12.33,0.18
874,1.35,13.95,29.07,168.75,0.36,0.18
875,10.53,15.57,34.47,77.94,1.17,0.09
876,10.26,69.21,98.73,134.01,2.88,0
877,2.16,5.13,20.61,133.38,4.05,0.09
878,115.74,310.23,650.52,256.41,54.09,0.27
879,6.21,7.29,16.11,102.15,23.13,0.09
880,49.41,98.1,103.5,1095.39,6.84,0
881,884.7,1760.94,1908.27,4126.23,495.63,1.8
882,593.55,1973.97,1467.9,2244.15,129.33,0.18
883,3878.46,4049.82,3688.47,7547.13,787.41,260.82
884,644.67,448.29,2334.42,5901.12,286.29,0.09
885,764.91,2869.11,2404.44,3976.74,253.08,0.18
886,0.81,3.87,10.26,550.08,47.07,0.18
887,3.87,11.16,11.43,236.07,5.22,0
888,416.34,875.97,675.27,4796.37,13.86,0.09
889,52.83,72.27,82.71,2684.97,0,0.09
890,492.03,2430,1315.98,9358.83,217.26,0
891,21.51,31.59,60.93,575.1,10.98,0
892,308.16,716.04,1159.47,2726.01,293.31,4.05
893,445.77,1265.76,977.13,1437.48,310.68,0
894,330.21,478.62,587.16,620.82,41.76,0.27
895,7454.97,2395.8,5040.63,11553.39,16.2,0.09
896,60.48,33.12,39.96,1005.39,41.67,0.36
897,2410.38,8720.1,7317.45,14846.31,2335.68,0
898,24.03,93.87,129.42,328.95,9.99,0.09
899,190.53,398.79,132.39,86.94,1.35,0.18
901,342,446.58,406.8,140.58,133.02,0.18
902,693.27,1057.59,525.87,890.1,40.68,0.09
903,3895.56,8628.3,7196.49,12141.27,1955.16,0
904,1637.82,5515.56,2723.76,3339.09,54.09,0.09
905,816.03,462.51,1865.7,11215.98,579.96,7.11
906,307.26,573.93,625.59,1274.67,92.61,0.36
907,4399.02,7718.58,10300.86,10421.91,874.62,0
908,1866.15,5238.99,8023.5,9264.24,1779.75,0.09
909,25.92,12.78,546.75,314.37,0,0
910,245.61,40.95,172.98,3277.26,0,0.45
911,23.13,29.25,87.21,167.58,0,0.09
912,18.72,25.47,110.43,560.7,0,0.09
913,45.18,88.65,260.55,831.42,0,0.18
914,25652.7,13701.06,4291.92,13390.47,0,0.09
915,286.02,193.05,291.96,1098.18,0,0
916,1754.46,1274.94,950.76,3141.54,0,0.27
917,49.5,34.92,51.03,140.49,0,0.18
918,230.31,274.32,163.53,293.13,0,0.18
919,945.9,509.4,1095.3,1624.59,0,0.18
920,1359.36,869.4,1367.1,6528.78,0,0.18
921,938.79,115.56,1295.64,8911.98,0,0.18
922,983.07,658.53,1715.04,5469.39,0,0.72
923,1498.32,623.7,1443.96,4847.04,0,0.36
924,1439.1,686.07,1241.37,3558.78,0,0.09
925,792.99,846.81,896.67,2156.58,0,0
926,76.86,39.87,40.77,358.74,0,8.19
927,414.9,448.47,1260.54,2602.53,0,0.09
928,500.76,373.95,725.22,2554.47,0,0
929,646.29,689.13,491.22,3348.9,0,0.27
930,62.55,62.01,72.18,174.6,0,0
931,86.94,55.26,96.84,277.02,0,0.27
932,45,39.96,92.43,736.65,0,0.09
933,42.03,27.36,42.75,397.89,0,0.18
934,31.59,30.96,78.12,206.19,0,0
935,55.8,26.01,49.05,288.9,0,0.27
936,852.57,568.44,1047.24,4419.9,0,0
937,105.48,59.22,30.33,547.65,0,0.18
938,598.23,603.36,615.96,1742.22,0,0.09
939,38.07,30.78,66.87,309.24,0,0.36
940,37.26,30.33,154.53,304.11,0,0.09
941,74.07,94.77,158.67,207,0,0
942,1711.71,1912.23,3393.36,12279.87,0,0.09
943,82.17,70.65,151.92,1128.78,0,0.27
944,173.79,98.91,290.25,1009.8,0,0.18
945,97.83,64.8,91.71,471.15,0,0.18
946,789.75,403.47,975.06,6361.65,0,0.18
947,146.52,59.94,108.36,1117.26,0,0
948,403.02,274.5,653.04,3253.95,0,8.28
949,61.2,25.29,118.62,707.31,0,0.09
950,1783.71,2621.7,2774.25,7192.71,0,0.18
951,1550.16,1066.77,410.85,218.97,0,0
952,99,94.68,105.21,156.69,0,0
953,803.16,405.72,1563.93,11130.03,0,0.18
954,114.66,69.75,118.62,910.35,0,0.27
955,85.68,182.7,41.76,60.57,0,0
956,59.13,40.77,55.53,291.51,0,42.21
957,574.83,460.08,1302.03,8730.72,0,0.09
958,100.17,90.45,197.64,299.88,0,0.09
959,113.04,63.09,107.73,566.64,0,0
960,23.67,17.01,38.52,147.6,0,0.27
961,167.4,141.57,625.95,3513.78,0,0.18
962,125.64,65.07,154.89,732.51,0,0.09
963,82.8,32.58,88.02,640.17,0,0.09
964,153.72,67.68,175.32,2042.73,0,0.18
965,309.33,95.76,683.1,3068.37,0,14.76
966,86.67,54.18,107.46,460.35,0,0
967,1649.88,509.76,1994.67,19178.19,0,0.54
968,340.65,163.44,647.64,1534.05,0,0.09
969,965.43,547.56,2161.71,6008.94,0,0.09
970,90.63,44.82,113.85,443.97,0,0.18
971,49.05,60.66,130.41,479.25,0,0
972,271.89,196.74,532.62,2903.22,0,0.09
973,44.82,20.52,48.24,133.11,0,0.18
974,106.83,86.4,250.38,603.36,0,0.09
975,33.84,21.51,57.33,302.22,0,0.09
976,228.24,143.55,654.84,398.07,0,0
977,60.66,62.01,172.62,51.75,0,0.27
978,61.2,20.79,50.22,318.33,0,0.27
979,22.77,0.54,8.28,8.01,0,0.09
980,160.11,0,0.63,0.72,0,0.36
981,82.35,3.33,106.47,120.96,0.45,0.09
982,402.93,0.09,18.09,18,0,0.18
983,52.2,0,0.09,0.27,0,0
984,198.81,0,42.66,61.02,0,0
985,3.69,0,4.41,1.98,0,0
986,270.18,0,25.65,4.59,0,0.18
987,79.38,0.27,9.09,1.89,0,0
988,140.58,11.61,104.04,28.71,0,0
989,27,7.74,42.75,3.15,12.24,0.27
990,24.48,15.3,4.05,6.93,0,0
991,23.85,4.41,2.07,18.36,0,0.18
992,0.36,0.09,0,0,0,0
993,1.26,2.88,1.62,1.71,0,0.09
994,32.22,5.85,11.43,104.04,10.62,0.18
995,2.43,2.16,0.09,0,0,0
996,0.81,0.18,0.54,0.09,0,0.09
997,3.78,0.18,0.18,0.36,0.09,0.09
998,0.36,0.45,0.18,0.99,0,0
999,48.69,1.8,3.69,15.84,0,0
1000,10.08,5.76,20.43,74.7,1.08,0
1001,1.08,1.89,6.12,41.58,0,0.09
1002,0.99,0.27,0.99,0.45,0,0
1003,0.54,1.35,4.23,0.63,0.18,0.09
1004,1.98,4.77,12.15,69.3,43.11,0.45
1005,43.29,9.18,12.96,34.47,0,0.27
1006,1.26,1.8,3.42,3.24,0,0
1007,0.27,0.18,0,0,0,0
1008,0.63,0.63,0.63,0.18,0,0
1009,10.53,0,0.09,0,0,0.09
1010,24.03,5.94,9.99,2.7,0,0.18
1011,19.26,8.1,33.12,2.43,0,0
1012,18,9.54,9.9,171,0,0
1013,1.17,0.81,0,4.77,0,0.09
1014,92.34,10.62,1.35,159.57,0,0.09
1015,4.32,0.63,0.09,2.52,0,0
1016,53.37,4.14,3.87,83.61,4.68,0.09
1017,21.87,2.88,2.25,17.1,0,0.18
1018,0.36,0.09,0.18,4.5,0,0
1019,13.68,4.14,0.27,2.16,0,0.09
1020,6.84,4.77,11.43,35.91,0,0.09
1021,0,0,0,0,0,67.23
1022,19.71,0,0,2.34,0,0.09
1023,0.09,0.18,0,0.18,0,0
1024,2.52,0,0,0.18,0,0
1025,0.9,0.54,0.09,0,0,0
1026,1.08,1.17,0.09,0,0,0
1027,1.53,0.54,0,0,0,0
1028,0.45,0.18,0,0.18,0,0
1029,1.53,2.25,1.08,0.72,0,0
1030,0.72,0.36,0.63,0,0,0.09
1031,1.8,0.45,0.09,0,0,0.09
1032,0.54,0.09,0.27,0.09,0,0
1033,0.36,0.27,0.27,0.09,0,0.27
1034,0.18,0.09,0.09,0,0,0
1035,1.98,2.88,1.62,0,0,0.27
1036,0.27,0.27,0.09,0,0,0.09
1037,28.8,68.85,115.2,154.08,0,7.11
1038,0.99,0.54,0.54,0,0,0.09
1039,0.18,0,0,0,0,0
1040,0.09,0,0,0,0,0
1041,0.81,0,0,0,0,0.09
1042,0.45,0,0,0,0,0.09
1043,0.36,0,0,0,0,0.18
1044,0.36,0,0,0,0,0
1045,0.27,0.09,0,0,0,0
1046,1.62,0,0,0,0,0
1047,0.36,0,0,0,0,0
1048,0.54,0,0,0,0,0.09
1049,0.18,0,0.27,0.18,0,0.09
1050,0.36,0,0,0,0,0
1051,0.36,0,0,0,0,0
1052,0.36,0,0,0,0,0.18
1053,0.36,0,0,0,0,0
1054,0,0,0,0,0,0.54
1055,0.36,0,0,0,0,0
1056,1.62,0,0,0,0,0
1057,0.36,0,0,0,0,0
1058,1.44,0,0,0,0,0
1059,1.08,0.09,0,0,0,0.09
1060,0.36,0,0,0,0,0
1061,0,0,0,0,0,0
1062,1.08,0.72,0,0,0.09,0
1063,0,0,0,0,0,0
1064,0.45,0,0,0,0,0
1065,1.89,0,0,0,0,0
1066,1.35,0.09,0,0.18,0,0
1067,0.54,0,0,0,0,0
1068,0.36,0,0,0,0,0
1069,1.89,0,0,0,0,0
1070,0.36,0,0,0,0,0.09
1071,0.36,0,0,0,0,0
1072,0.36,0,0,0,0,0
1073,1.08,0,0,0,0,0.18
1074,0.36,0,0,0,0,0.09
1075,1.62,0,0,0,0,0
1076,0,0.09,0,0,0,0
1077,0.18,0,0,0.18,0,0
1078,0.18,0,0,0,0,0
1079,1.44,0,0,0,0,0.09
1080,0.36,0,0,0.09,0,0
1081,0.54,0.18,0,0,0,0
1082,0,0.09,0.09,0.18,0,0.18
1083,0.27,0,0,0,0,0.18
1084,2.16,0,0,0,0,0.18
1085,0.18,0,0,0.09,0,0
1086,1.53,0,0.09,0,0,0
1087,0.45,0,0,0,0,0
1088,0.27,0.09,0,0,0,0.09
1089,0.36,0,0,0,0,0
1090,1.08,0,0,0,0,0
1091,0.36,0,0,0,0,0
1092,0.81,0,0,0,0,0
1093,0.45,0,0,0,0,0
1094,0.63,0.09,0,0,0,0
1095,1.08,0.45,0,0,0,0.18
1096,0.36,0,0,0,0,0
1097,0.54,0,0,0,0,0
1098,1.53,0,0,0,0,0
1099,0.63,0,0,0,0,0
1100,0.36,0,0,0,0,0
1101,1.71,0.45,0.18,0.09,0,0.09
1102,0.36,0,0,0,0,0
1103,2.43,0,0,0,0,0.09
1104,6.3,0,0,0,0,0.18
1105,0.36,0.72,0,0,0,0
1106,0.09,0,0,0,0,0
1107,82.8,66.33,101.7,284.04,0,0.27
1108,2.79,0,0,0,0,0.09
1109,0.36,0,0,0,0,0
1110,0.09,0.18,0.09,0,0,0.18
1111,0,0,0,0,0,0
1112,1.35,0.09,0,0,0,0.18
1113,0,0,0,0,0,0
1114,0.36,0,0,0,0,0
1115,2.61,0.09,0.09,0,0,0.27
1116,2.16,0.36,0.45,0.27,0,0
1117,0.9,0,0,0,0,0
1118,0.54,0,0,0,0,0.09
1119,5.04,0.09,0,0,0,0.36
1120,0.45,0.72,0,0,0,0
1121,0.9,0.27,0.18,0.45,0,0
1122,0.36,0,0.09,0.09,0,0
1123,3.06,0.72,0.09,1.62,0,0.18
1124,1.35,0.27,0,0,0,0
1125,0.18,0,0,0,0,0
1126,0.36,0,0,0,0,0
1127,0.81,0,0,0.09,0,0.18
1128,1.17,0,0,0,0,0
1129,1.08,0,0,0,0,0
1130,0,0,0.18,0.18,0,0
1131,0.36,0,0,0,0,0.18
1132,1.17,0,0,0,0,0
1133,0,0.09,0,0,0,0
1134,0.18,0.18,0,0,0,0.18
1135,0,0,0,0,0,0
1136,0.36,0,0,0,0,0
1137,0,0.09,0,0,0,0
1138,0.36,0,0,0,0,0
1139,0.99,0,0,0,0,0.09
1140,0.36,0,0,0,0,0.09
1141,0.27,0,0,0,0,0
1142,0.36,0,0,0,0,0
1143,0.09,0,0,0,0,0
1144,0,0,0.45,0,0,0.09
1145,2.34,0,0,0,0,0.09
1146,0.45,0,0,0,0,0
1147,0,0,0,0,0,0.54
1148,0.36,0,0,0,0,0
1149,0.36,0,0,0,0,0.18
1150,0.54,0,0,0,0,0.09
1152,0.36,0,0,0,0,0
1153,1.71,0,0,0,0,0.18
1154,0.36,0,0,0,0,0
1155,2.07,0,0,0,0,0
1156,0.36,0.18,0,0,0,0
1157,0,0,0,0,0,0.81
1158,0.63,0,0,0,0,0
1159,0.09,0,0,0,0,0
1160,3.78,0,0,0,0,0.09
1161,0,0,0,0,0,0
1162,0.36,0,0,0,0,0
1163,0.54,0.36,0,0.54,0,0
1164,0.36,0,0,0,0,0
1165,0,0,0,0.54,0,0
1166,0.54,0,0,0,0,0
1167,0,0,0,2.7,0,0
1168,1.62,0.18,0.54,0.99,0,0.18
1169,3.15,0.09,0.36,0.45,0,0.09
1170,10.44,0.09,0.09,1.08,0,0.09
1171,0.09,0.54,0.63,0.18,0,0
1172,3.87,1.98,1.8,1.35,0,0
1173,11.7,0,1.62,0.9,0,0.09
1174,13.77,0.54,0.63,5.76,0,0
1175,30.87,10.62,0.99,4.95,0,0
1176,0.54,0.54,0.99,5.04,0,0.09
1177,63.27,34.2,47.79,73.08,0.72,0.09
1178,2.07,0.09,0,0.27,0,0.09
1179,12.06,1.71,0.09,0.18,0,0
1180,0,1.44,0.72,0.27,0,0.27
1181,15.93,11.43,6.57,3.24,0,0.09
1182,3.51,2.97,0.81,0,0,0.09
1183,10.89,84.6,27.72,5.76,0,0.27
1184,1.62,2.34,1.26,0.54,0,0
1185,0.09,1.44,0,0,0,0.09
1186,3.42,2.88,0.81,0.45,0,0
1187,0.27,0,0.18,0.09,0,0
1188,53.19,7.83,61.65,34.74,0.27,0.09
1189,3.06,0,0.09,0.27,0,0
1190,3.42,1.08,0,0,0,0
1191,4.32,0.72,0,0,0.09,0
1192,6.48,0.45,0.27,0,0,0.09
1193,1.26,0.99,0.54,0.45,0,0
1194,1.17,5.4,8.82,14.49,1.17,0.09
1195,0,0.9,1.62,0.45,0,0
1196,0,4.05,4.41,4.05,0.99,0
1197,34.2,18.09,22.59,7.02,0.72,0.54
1198,5.31,4.14,3.78,6.39,5.31,0.09
1199,46.71,3.24,24.21,11.07,0.54,0.09
1200,0.81,0.45,0.63,0.45,0,0.09
1201,0.9,2.61,0.18,0,0,0
1202,30.51,2.79,0.9,2.25,0,0.09
1203,3.06,1.89,0.99,2.25,0,0.09
1204,0.63,0,0,0.09,0,0
1205,1.26,0,0,0,0,0
1206,0.09,0,0,0.18,0,0
1207,21.24,1.08,13.32,4.5,7.2,0.09
1208,14.49,19.08,1.89,0.09,0,0.27
1209,7.11,18.81,6.03,6.57,0.45,0.27
1210,4.23,1.17,0.81,0.27,0,0.09
1211,0.81,2.25,0.54,0.18,0,0
1212,0.36,1.08,0.27,1.17,0.09,0
1213,3.33,2.79,0.72,1.89,0,0
1214,1.89,0.81,0,0,0,0
1215,9.72,3.78,8.82,8.91,0,0
1216,1.26,4.41,5.58,4.95,0.36,0.09
1217,0,1.71,1.53,0.9,0.18,0.09
1218,2.43,6.93,1.89,1.62,0,0
1219,0.81,1.08,1.17,0.09,0,0
1220,0.18,10.44,3.06,3.06,0.36,0.09
1221,2.88,3.24,2.07,0.81,0,0
1222,4.05,24.75,9.81,5.67,0.09,0.27
1223,0.18,1.89,0.45,0.36,0,0
1224,2.16,0.27,0.45,0,0,0
1225,0.63,0.9,0.09,0,0,0
1226,9.81,1.62,0.9,1.98,0,0
1227,7.47,0,8.46,4.77,0,0.18
1228,36.09,11.52,21.06,29.79,0,0.18
1229,1.08,1.44,1.08,1.17,0.09,0
1230,5.94,9.72,0.81,0.45,0,0
1231,0.54,3.15,2.97,5.94,0.09,0.18
1232,0.09,0.63,0.09,0.18,0,0
1233,2.25,3.42,0.72,0.09,0,0
1234,1.08,0.81,0,0,0,0.27
1235,0.36,0.81,0.99,2.79,0,0
1236,1.8,0.27,0.63,0.36,0,0
1237,0.18,1.44,0.09,0.09,0.09,0.18
1238,0.09,1.08,0.45,0.09,0,0.27
1239,1.89,1.62,0.99,0.09,0,0
1240,2.61,2.16,2.07,0.27,0,0.18
1241,3.69,5.22,2.16,3.24,0,0
1242,0.63,0.36,0,0,0,0
1243,2.34,0,0,0,0,0
1244,4.32,2.34,1.17,0,0,0.09
1245,0,1.44,1.08,0.36,0,0
1246,2.43,0.18,0.18,0,0,0
1247,0.09,0.27,2.43,0.27,0,0
1248,0.72,1.17,0.27,0.09,0,0
1249,1.08,0.09,0.18,0.18,0,0
1250,12.42,3.15,1.17,1.8,0,0.09
1251,13.23,5.67,4.23,5.94,0,0.09
1252,95.58,55.98,29.52,33.3,22.77,0.18
1253,6.12,6.57,5.67,14.04,10.8,0.27
1254,1.17,2.52,1.44,6.21,3.33,0.27
1255,5.85,14.67,6.75,4.5,0,0.27
1256,1.08,2.79,0.36,0,0,0.09
1257,35.73,29.16,19.35,14.4,0.81,0.09
1258,3.96,1.26,0,0,0,0.18
1259,1.53,0.81,0,0,0,0
1260,21.78,22.95,7.83,1.62,3.96,0.09
1261,4.77,3.24,0.18,0,0,0.09
1262,2.43,0.09,0.63,2.07,0.27,0.09
1263,22.86,20.52,47.88,49.41,0,0
1264,1.08,1.44,0.09,0.9,0,0
1265,2.52,5.49,1.17,1.44,0,0.09
1266,0.09,0,0,0,0,0.09
1267,3.78,0.36,5.4,4.23,0,0
1268,100.17,16.11,11.16,24.48,0,0
1269,0.81,0.54,2.34,1.26,0,0
1270,8.55,3.42,3.15,14.49,7.65,0.18
1271,18.54,41.67,10.17,0.9,0,0.36
1272,4.95,5.49,19.89,21.51,0,0.18
1273,12.24,1.35,0,0,0,0.27
1274,5.76,18.36,6.75,2.52,0,0.36
1275,20.52,23.49,14.94,1.71,0,0.18
1276,0.09,2.7,0.54,0.09,0,0
1277,7.92,7.38,6.3,5.85,0,0.09
1278,2.43,0.54,0.09,0.18,0,0.09
1279,0,2.34,0.81,0.45,0,0
1280,2.88,2.88,1.98,0.54,0,0.09
1281,0.09,0.63,0.72,12.87,0.54,0.18
1282,0.9,0,0,0.54,0,0
1283,0.81,1.71,1.17,1.17,0,0
1284,0.99,4.59,1.26,0,0.54,0
1285,16.65,1.62,0.36,2.7,0,0
1286,0.36,1.8,0.09,0.72,0,0.09
1287,0,0,0.45,0.18,0.54,0.18
1288,0,0,0.09,0.36,0,0
1289,4.5,0,0.09,0,0,0
1290,0.27,0,0.09,0.54,0,0
1291,1.08,18,21.87,30.96,0,0
1292,0,0.63,0.18,5.85,0,0
1293,0,0,0,0,0,0
1294,0,0,0,0,0,0.09
1295,0.9,0.09,0.72,0.54,0,0
1296,0,0,0,0,0,0
1297,0.27,0.45,0.09,1.17,0,0
1298,1.8,0.9,0,0,0,0.09
1299,2.52,0,0,0,0,0
1300,1.8,0.36,0,0,0,0
1301,28.8,44.19,17.46,33.39,0.27,7.11
1302,52.47,87.03,29.25,15.93,0.09,0.9
1303,25.2,3.33,1.8,3.15,0.72,0.36
1304,2.61,2.79,1.44,0.09,0,0.18
1305,2.61,0,0,0,0,0.09
1306,1.62,0.27,1.62,2.07,0,0.09
1307,0.9,0,1.44,1.35,0,0.09
1308,4.86,0,0,0.18,0,0
1309,0,0,0,0,0,0
1310,2.25,0,0,0,0,0.09
1311,0.9,1.17,0.18,1.8,0,0
1312,0.09,1.17,0.63,1.35,0,0
1313,3.78,0.45,0,0,0,0
1314,0.36,0.81,5.76,0.27,0,0.09
1315,14.67,16.56,3.96,2.97,0.18,0
1316,4.77,4.95,4.59,30.15,4.68,0.18
1317,0,0.18,0.09,2.16,0,0
1318,0,0.99,0.54,2.07,0,0
1319,0.63,1.35,0.72,0.81,0,0
1320,3.15,0.99,0,0,0,0
1321,4.41,4.5,10.44,1.98,0.45,0
1322,1.26,3.15,2.16,8.73,0.09,0.18
1323,0.99,1.53,1.53,2.16,0,0
1324,1.53,0.18,2.34,0.9,0,0
1325,25.65,39.78,17.1,23.04,1.26,0.09
1326,14.85,19.62,1.89,0.09,0,0.09
1327,1.26,2.07,0.27,0,0,0
1329,0.36,0.54,2.34,0,0,0
1330,8.1,0.72,0,0.09,0,0.09
1331,4.77,3.24,2.88,0.45,0.36,0
1332,1.89,3.6,0.63,7.2,0,0.18
1333,1.26,0.72,0.18,0.36,0,0
1334,5.04,6.84,0.54,0,0,0.09
1335,18.09,30.96,22.05,19.62,0,0.9
1336,37.44,33.03,36,22.59,2.97,0.09
1337,3.51,1.89,3.69,9.63,1.62,0.45
1338,0.27,0.9,0.54,0.27,0.27,0.09
1339,47.25,27,19.71,32.31,1.08,0.45
1340,28.35,10.98,9.9,23.67,17.01,0.18
1341,21.33,11.61,18.99,10.26,0.63,0.36
1342,4.23,7.38,6.48,3.33,0,0.09
1343,3.06,3.69,4.32,5.85,0,0.09
1344,17.55,9.09,4.68,27,1.8,0.18
1345,0.9,0.9,0,0.27,0,0
1346,7.92,2.61,0,0,0,0.09
1347,4.77,1.71,0.45,1.44,0.18,0.36
1348,28.35,3.96,5.58,26.19,1.8,0
1349,5.94,13.95,11.61,5.4,0,0.36
1350,4.86,2.16,2.07,0.27,0,0
1351,5.31,2.16,0,0,0,0.09
1352,1.89,1.35,2.7,2.97,0.09,0.18
1353,7.92,4.77,2.07,2.25,0.18,0.09
1354,2.79,3.87,1.53,1.8,0.09,0
1355,3.87,1.89,2.16,3.06,0,0.09
1356,15.12,12.87,15.39,34.29,0,0
1357,15.3,1.44,3.96,2.97,0,0
1358,0.72,0.09,0,0,0,0
1359,1.89,0.45,0,3.06,0,0.09
1360,3.06,4.05,2.52,3.6,0.18,0.09
1361,0.9,1.26,0,0,0,0
1362,25.11,23.76,12.87,45.81,0,0.36
1363,4.5,1.98,0.09,0,0,0.09
1364,1.08,0,0,0,0,0
1365,43.65,92.25,28.44,18.45,0.27,0.09
1366,24.3,79.83,12.15,5.13,0,0.36
1367,0.81,0.54,0.81,0.81,0.18,0.09
1368,13.77,6.39,10.17,28.62,0.09,0.45
1369,6.84,10.44,2.16,1.98,0,0.27
1370,1.89,0,0,0,0,0.18
1371,1.44,1.17,0.18,0.18,0,0
1372,25.38,4.05,3.24,18,2.61,0.18
1373,0.45,2.7,0.18,0.18,0,0
1374,17.28,15.21,11.16,8.73,0,0.18
1375,4.5,10.44,2.16,4.95,0,0.18
1376,18.99,2.97,1.89,0,0,0.09
1377,1.44,0.45,0.09,0,0,0
1378,0.54,0.9,0.18,0,0,0
1379,0.99,0.36,0.54,0,0.27,0
1380,6.57,3.33,1.35,1.8,0,0.09
1381,5.67,3.24,0.81,0,0,0.27
1382,14.4,21.69,25.29,11.88,0,0.36
1383,34.02,24.75,14.04,14.76,1.44,0.18
1384,34.02,64.17,73.53,27.45,8.01,0.18
1385,22.68,0.18,0,0,0,0.27
1386,0.9,0,0.99,0,0,0
1387,3.6,2.34,0.18,0.09,0,0.09
1388,41.58,32.67,17.46,32.85,0.72,0
1389,0.9,3.24,0.09,3.33,0,0.09
1390,2.61,2.52,0.63,0.27,0,0.09
1391,4.05,2.07,0.81,4.23,0.9,0.27
1392,0.81,1.44,1.17,0,0.09,0
1393,2.61,3.96,0.18,0,0,0.09
1394,7.29,12.15,0.63,0,0,0.36
1395,1.08,1.26,0.18,0,0,0
1396,40.77,62.28,29.97,7.2,0.45,0.27
1397,66.15,29.52,34.65,43.47,0,0.18
1398,0.9,1.26,0.9,0.81,0.09,0.18
1399,3.6,0.27,0,0,0,0
1400,1.44,0.9,0,0,0,0
1401,46.17,11.7,1.35,3.96,0,0.27
1402,1.53,1.98,0.09,0.45,0,0
1403,3.42,0.27,0.09,0,0,0.09
1404,1.89,5.22,2.88,5.4,0,0
1405,0.63,2.61,1.98,0.9,0,0.09
1406,13.59,8.82,16.2,20.61,0.72,0.09
1407,0.09,0.72,0.63,0.72,0,0.09
1408,2.34,1.8,0.18,0,0,0
1409,0.27,1.89,3.6,6.21,2.25,0
1410,2.34,0.72,0.18,0.09,0,0.09
1411,6.39,0.36,2.34,2.88,0,0.18
1412,18.81,12.51,18.36,20.16,2.25,0.18
1413,135.54,48.33,51.12,104.76,3.69,0.09
1414,1.08,1.53,0.27,0.09,0,0
1415,1.62,0.18,0,0,0,0
1416,0.81,1.71,1.89,0.72,0,0
1417,2.07,0.36,1.08,2.16,0,0
1418,22.77,12.33,19.62,57.42,9.9,0.18
1419,15.93,30.15,73.35,72.9,1.89,0.18
1420,17.1,0.54,1.35,0,0,0
1421,0,0,0.18,1.98,0,0.18
1422,2.43,0.45,2.34,0,0,0.18
1423,5.76,1.71,10.53,7.92,2.16,0
1424,0.09,0.81,1.8,8.55,1.08,0.09
1425,2.61,3.78,0.18,0.18,0,0
1426,1.26,5.94,1.71,1.8,0,0
1427,1.98,13.32,10.08,0.18,0,0
1428,5.67,0.27,0,0,0,0
1429,0,0,0,0,0,0
1430,9,4.59,3.51,2.16,0.45,0.18
1431,8.28,3.6,2.43,0.99,0,0.18
1432,23.85,13.68,24.48,10.53,0.36,0.09
1433,1.71,7.92,11.7,2.88,0,0.18
1434,0.54,2.97,1.35,5.85,0,0
1435,22.86,14.31,9.63,3.6,0,0.18
1436,3.06,0,6.93,4.86,0,0
1437,146.07,24.39,22.14,2.97,0,0.27
1438,28.44,9.36,9.45,5.67,3.87,0.27
1439,1.98,0.45,0,0,0,0
1440,0,3.24,0.27,0,0,0
1441,1.8,0.54,0.18,0,0,0.09
1442,0.36,2.07,0.18,0,0,0.09
1443,4.86,1.17,0,0,0,0.18
1444,0.63,1.71,0.72,0.99,0,0
1445,0,2.25,1.62,0.63,0.72,0.09
1446,90.27,74.43,48.6,89.01,0,0.9
1447,1.71,2.52,0,0,0,0
1448,2.34,1.71,0.18,7.65,0.09,0
1449,3.69,16.2,4.59,15.3,0,0
1450,1.35,1.53,0,0,0,0
1451,1.71,0.18,0,0,0,0
1452,9.99,7.47,1.35,0.54,0,0
1453,0.45,1.26,0.54,0.18,0,0.09
1454,2.07,1.17,0.9,0,0,0.09
1455,7.92,6.12,0.36,0.18,0,0.36
1456,0.18,0,0,0,0,0.09
1457,2.25,4.41,0.9,0.45,0,0.09
1458,0.81,0.99,0,0,0,0.09
1459,2.25,3.78,1.17,2.07,0,0
1460,1.62,0.81,0,0,0,0
1461,3.87,1.53,0.81,0.99,0,0.18
1462,3.69,0.54,0.36,0.45,0.18,0
1463,2.97,0.72,0.72,14.67,0,0.09
1464,3876.84,481.32,559.08,15563.88,0,1.53
1465,3.33,0,4.68,14.04,0,0.09
1466,1.08,0.27,1.62,0.36,0,0.18
1467,13.5,2.61,19.71,0.9,3.15,0
1468,1.26,2.88,2.61,1.44,1.8,0.09
1469,3.69,7.74,2.97,11.97,0,0.18
1470,4.5,6.39,1.89,0.18,0,0.09
1471,0.63,0,1.17,0.18,0,0
1472,43.29,23.04,28.53,57.42,1.35,0.45
1473,1.35,3.51,0.72,2.7,0,0
1474,5.67,6.75,12.78,19.53,0,0.18
1475,1.53,0,0,0,0,0.09
1476,3.69,0.36,0.72,0,0,0.09
1477,0.72,6.03,3.06,0,0.63,0.18
1478,1.53,0,0,0,0,0
1479,1.98,1.62,1.35,0.36,0.63,0
1480,3.33,0.9,0,0,0,0
1481,11.88,5.31,6.57,7.74,0.18,0.18
1482,1.89,0,1.89,7.29,0,0
1483,73.08,2.79,8.46,27.54,0,0
1484,2.16,0,1.89,0.72,0,0
1485,4.23,7.47,9.9,41.22,0,0
1486,0,0,0,1.17,0,0
1487,3.42,0,0,0,0,0.09
1488,0.45,0.18,0.18,0.63,0,3.24
1489,3.96,0,0,1.35,0,0.09
1490,8.28,0,0.72,0,0,0.18
1491,4.05,5.04,3.33,0.36,0,0
1492,0.81,1.08,0.54,0,0,0
1493,0.36,0.72,0.27,0.09,0,0
1494,3.78,4.59,4.59,0,0.09,0.09
1495,1.62,1.71,0.45,0,0,0.18
1496,1.08,0.09,0.99,0.18,0,0
1497,2.25,0,0,0.09,0,0
1498,0.27,0,0.45,1.44,0,0
1499,0,0.36,1.53,1.98,0,0.09
1500,22.77,4.05,5.94,10.62,0,0.09
1501,4.77,6.84,21.15,15.3,0,0.09
1502,14.67,28.35,22.95,43.11,6.12,0
1503,0.99,1.26,0,0,0,0.09
1504,1.08,0.54,0.9,0,0,0
1505,2.52,4.5,3.78,0,0,0
1506,22.32,35.91,27.18,17.46,4.32,0.27
1507,0,0,0.45,1.8,0,0.09
1508,0.72,0.45,1.8,3.87,0,0
1509,3.69,0.09,0.18,1.17,0,0.27
1510,0.72,1.98,0,0,0,0
1511,13.14,3.42,0.09,0,0,0.09
1512,0,0,0,0,0,0
1513,0,0,0,0,0,0
1514,2.61,0,1.8,0,0,0
1515,1055.16,497.97,953.73,4476.15,0,1.89
1516,0,0,0,15.21,0,0.09
1517,0.09,0.72,0.36,7.11,0.18,0
1518,0.27,1.62,11.25,0.27,0,0.18
1519,8.1,0.72,0,0,0,0
1520,0.09,5.58,7.02,3.42,2.43,0.18
1521,0,1.08,0.9,0,0,0
1522,3.06,0.9,0.09,0,0,0.18
1523,19.26,1.35,1.53,9.9,0,0
1524,6.03,1.98,0.45,3.06,0,0
1525,0.45,1.26,2.52,2.88,0.09,0
1526,0.09,0,0,0,0,0.09
1527,2.7,0,0.18,0.45,0,0.09
1528,0,0,0.45,2.97,0,0
1529,3.87,0,20.07,6.57,0,0
1530,1.26,0,1.53,0.27,0,0
1531,4.23,5.67,0.9,3.24,0,0.09
1532,0.27,1.44,3.51,13.05,0,0
1533,1.08,0,1.26,1.53,0,0
1534,0,0,0,0,0,0
1535,21.78,8.46,16.92,75.42,1.53,0.18
1536,9.27,11.79,18,8.37,4.41,0.18
1537,0.81,0,0.09,0,0,0
1538,0,0,1.44,3.15,0,0.09
1539,6.93,0.36,1.44,0,0,0
1540,4.41,0.45,4.14,3.51,0.36,0.18
1541,9.72,1.17,9.36,5.67,0.09,0.09
1542,1.8,0.9,0,0,0,0
1543,0.99,0.81,0.18,1.35,0,0
1544,0,0,0,0,0,0
1545,5.58,1.17,0.27,1.71,0,0.09
1546,1.62,1.62,0.09,0.27,0,0.09
1547,2.97,0,0.18,0.09,0,0
1548,4.05,0.09,0,0.09,0,0
1549,5.76,2.79,2.97,8.46,0,0.27
1550,5.13,2.07,3.6,8.01,0,0.09
1551,11.79,13.5,61.29,4.95,0.63,0
1552,3.15,2.25,1.53,0.09,0,0.18
1553,0.99,2.52,1.71,4.77,2.34,0
1554,0,0,0,0,0,0
1555,0,0.27,0.72,0.72,0,0.27
1556,2.7,0.09,0.09,0,0,0.18
1557,1.71,0.9,0.99,5.04,0,0.09
1558,3.51,1.35,0.18,13.14,0.9,0.18
1559,23.4,6.66,5.94,7.2,0,0.09
1560,3.15,0,0,0,0,0
1561,3.51,0,0,0,0,0
1562,0,0,0,0,0,0
1563,44.64,153.9,182.07,102.33,13.5,0.27
1564,4.86,3.69,15.57,7.92,0,0
1565,0.72,0.81,27.54,4.95,0,0.18
1566,0,0,0,0,0,0
1567,0.99,0.27,0.99,0.36,0,0
1568,2.07,0.81,5.04,3.87,0,0
1569,1.44,4.86,8.19,2.52,0.36,0.18
1570,0.54,0.27,0.09,0,0,0.09
1571,1.26,7.74,4.23,0.36,0,0.18
1572,43.65,9.9,32.85,0,0,0.09
1573,1.62,0.72,1.35,1.35,0,0
1574,6.12,1.62,1.8,2.97,0,0.18
1575,3.06,0,0,0,0,0.09
1576,5.22,0.54,0,0,0,0
1577,3.33,0.45,0,0,0,0.09
1578,7.29,5.76,2.07,0.63,0.36,0
1579,0,0.09,2.07,2.16,2.16,0.09
1580,0.54,0.18,0.09,0,0,0
1581,3.06,0.45,0,0,0,0
1582,116.73,46.08,14.13,61.02,0.45,0.27
1583,1.89,0.45,0.27,0.27,0,0.09
1584,1.89,1.26,0.18,0,0,0.18
1585,0.18,0.72,0.36,0.36,0.27,0.09
1586,0,0,0,0,0,0
1587,38.61,0.45,11.7,7.65,0,0.27
1588,0.72,0,0.36,0.45,0,0.09
1589,0,0,0,0,0,0
1590,61.11,3.6,54.81,42.66,0,0.18
1591,1.53,0,0.18,0.27,0,0
1592,0,0.9,0.36,0.09,0,0
1593,0.9,2.61,0.36,0.63,0.27,0
1594,0.27,0.9,0.9,0.45,0,0
1595,0.54,0,0,0,0,0
1596,1.89,0.63,0,0,0,0
1597,9.63,0,0,0.54,0,0.09
1598,0,0.36,0.63,19.53,0,0.27
1599,1.62,0.45,0,0.45,0,0.27
1600,0,0,0,0,0,0
1601,0.9,1.17,4.05,10.08,0,0.09
1602,36.45,0.99,20.97,32.13,0,0.18
1603,1.17,0,1.53,2.43,0,0
1604,2.88,0.09,3.33,0.72,0,0
1605,0.81,4.05,11.52,0,0,0
1606,0.81,4.95,0.54,0.18,0.09,0
1607,71.55,30.33,5.76,0.27,0,0.27
1608,2.16,0,0,0,0,0
1609,9.54,3.69,2.43,5.22,0,0
1610,1.26,4.41,0.09,0.27,0,0
1611,3.06,1.53,1.53,0.09,0,0.18
1612,1.35,2.16,4.14,2.34,0,0
1613,2.34,0,0,0,0,0.09
1614,14.31,7.83,46.98,3.51,0,0.45
1615,26.82,23.04,6.75,15.3,0,0.18
1616,62.1,29.43,16.29,50.94,0,0
1617,12.78,14.4,15.48,31.5,0,0
1618,108.54,18.54,64.44,255.87,0,0.09
1619,37.98,2.88,44.64,22.23,0,0.18
1620,16.92,4.5,2.43,34.11,0,0
1621,41.31,0.63,72.36,1.26,0,0.09
1622,6.3,0.27,0.18,0.63,0,82.98
1623,18.45,5.67,55.08,21.06,0.09,0.27
1624,21.69,21.78,19.62,52.11,0,0.09
1625,520.83,85.59,39.51,189.36,0,0.18
1626,6.93,6.39,40.32,16.38,0,0.09
1627,29.7,1.26,12.15,21.42,26.19,0.36
1628,25.47,1.98,15.03,6.84,0,0.09
1629,19.08,3.6,31.77,32.58,3.87,0.18
1630,100.08,0.27,0.72,4.23,0,0
1631,43.83,24.75,39.42,219.87,0,0
1632,213.66,113.22,62.55,191.88,7.38,0.09
1633,22.5,11.52,20.34,33.66,4.23,0.09
1634,18.63,18.45,13.14,23.13,0,0.27
1635,65.16,15.03,64.17,42.39,0,0.18
1636,12.42,13.86,5.31,45.36,0,0.09
1637,11.79,8.82,10.89,33.57,0,0
1638,44.01,5.13,7.2,3.42,0,0.18
1639,32.04,9,6.39,6.93,0,0.09
1640,50.22,24.66,8.73,21.15,0,0.18
1641,18.54,11.97,19.53,708.93,3.06,0
1642,5.49,0.18,17.64,4.86,0,0
1643,2.25,0.09,0.45,0.81,0,0
1644,2.25,0,0.36,0.72,0,0.09
1645,0.81,0,0,0,0,0
1646,0.63,0,1.35,0.09,0,0
1647,0.27,0,2.25,1.26,0,0.09
1648,0.09,0,0,0,0,0
1649,1.62,0,0.54,0.27,0,0.09
1650,0,0,1.8,17.64,0,0.09
1651,7.11,0,0.63,1.17,0,0.09
1652,1.17,0,2.43,0.72,0,0
1653,1.62,0,6.48,14.58,0,0
1654,13.95,0,2.34,1.26,0,0.18
1655,0,0,0,0,0,0
1656,1.8,0.09,0,0,0,0.09
1657,43.2,11.7,8.01,36.54,4.41,0.27
1658,13.59,3.42,14.4,0.36,0,0.27
1659,3.06,4.59,4.5,42.03,0,0.18
1660,0.54,0,0,0,0,0
1661,84.78,2.97,0.27,3.33,0,0
1662,0.36,1.53,0.27,12.06,1.17,0.27
1663,0,0.09,0.54,0.54,0,0
1664,0,0.72,0.36,6.66,0,0
1665,2.25,0,0.18,0.63,0,0.09
1666,0.36,0,1.35,0.63,0,0
1667,0.27,0,2.79,18.81,0,0
1668,0.72,0,0.99,0.45,0,0
1669,100.26,3.87,10.8,19.62,0,0.18
1670,0.18,0,24.93,11.25,0,0
1671,3.87,8.19,2.61,0.36,0,0.09
1672,0.9,3.96,3.51,6.93,0.72,0.09
1673,2.79,0,0,0,0,0.18
1674,8.82,6.03,2.61,7.02,0,0
1675,1.98,0.72,0.63,1.8,0,0
1676,1.26,0,0,0,0,0
1677,1.8,0,0.09,0.18,0,0
1678,4.23,0,1.17,0.18,0,0
1679,1.35,0.72,0.18,0.63,0,0
1680,0.72,0.99,0.54,0.09,0,0
1681,23.31,0.09,0,0.09,0,0
1682,3.06,2.07,0.81,0,0,0.09
1683,13.23,5.13,29.43,10.89,0,0.18
1684,2.79,2.07,6.48,8.1,0,0.09
1685,0.72,1.8,2.16,13.23,0,0.18
1686,225.27,60.66,21.24,61.2,0,0.18
1687,2.07,0,0.36,0.81,0,0
1688,0.81,0.54,0,0,0,0
1689,41.49,0.63,31.95,26.46,0,0
1690,39.33,1.8,93.33,53.28,0.18,0.18
1691,0.27,0.18,2.7,1.62,0,0
1692,0.9,0,1.17,2.07,0,0
1693,2.07,0.72,3.33,5.4,0,0
1694,2.79,0,5.13,2.07,0,0
1695,1.62,0,0.18,0,0,0
1696,2.79,2.25,0.09,3.33,0,0
1697,40.05,23.67,6.66,112.5,0,0.63
1698,0.72,0.45,0.27,0.99,0,0
1699,2.43,0,2.43,3.33,0,0.09
1700,3.33,0.63,8.19,7.56,0,0
1701,14.76,0,1.35,6.75,0,0
1702,0.9,0.54,4.14,0.18,0,0.09
1703,2.34,2.61,4.32,0.09,0,0.09
1704,1.35,0.99,1.98,0.45,0,0
1705,11.25,10.89,8.73,1.26,9.99,0.18
1706,0.27,1.8,1.53,3.33,0,0
1707,2.61,2.97,0.9,2.88,0,0.09
1708,0.09,0.81,11.43,67.59,0,0
1709,3.15,10.62,14.76,41.76,0,0.09
1710,1.44,0.36,0.09,0,0,0.27
1711,132.48,7.02,278.19,104.76,0,0.09
1712,0,0,0,0,0,0
1713,5.49,4.5,6.03,10.62,0,0.09
1714,3.51,0,0.45,0.36,0,0
1715,2.97,0,4.77,1.44,0,0.09
1716,0,0,0,0,0,0
1717,2.61,0,0,0.09,0,0.09
1718,0.36,0,1.8,0.9,0,0
1719,8.73,0,0.45,0.54,0,0.18
1720,155.34,8.37,65.34,113.49,0.09,0
1721,25.38,2.34,24.57,34.11,0,0
1722,0.09,0,0.72,0.36,0,0
1723,1.62,0,1.44,1.35,0,0
1724,0.63,0,2.7,2.97,0,0.09
1725,1.17,0,0.81,0.54,0,0.09
1726,4.23,0.36,0,0,0,0
1727,0.72,0.99,1.35,0.27,0,0
1728,1.8,3.51,1.98,6.84,0,0.09
1729,0.54,0.81,0.18,0,0,0
1730,23.85,13.14,7.65,62.46,2.16,0.09
1731,0.9,0.99,0,4.23,0,0
1732,0.54,0,0,0,0,0.09
1733,0,0,0,0,0,0
1734,3.33,10.17,8.82,36.36,0,0
1735,0.45,1.17,1.08,0.36,0,0
1736,49.95,25.2,16.2,13.86,0,0.45
1737,0.54,1.17,0.99,1.26,0,0
1738,1.53,3.69,3.78,11.43,0,0.27
1739,0.9,0.9,0.99,0.36,0,0
1740,0,0,0,0,0,0
1741,0.72,1.08,0.09,0,0,0.09
1742,1.26,2.07,0.09,1.17,0,0
1743,0,0,0,0,0,0
1744,0.45,1.08,0.36,0.18,0,0
1745,16.92,26.01,40.86,119.34,7.11,0.09
1746,5.31,13.41,0.54,0,0,0
1747,0.09,0.72,0.81,0.72,0,0
1748,0,0,0,0,0,0
1749,1.08,0.18,0.63,58.14,5.04,0.18
1750,0.45,0,0.9,0.72,0,0
1751,0.72,0,0.18,0.09,0,0
1752,51.39,0.18,0.09,0,0,0
1753,2.52,0,1.53,0.81,0,0
1754,33.12,11.43,6.93,19.35,0,0.18
1755,0,0,0,0,0,0
1756,4.95,0,0.72,0.99,0,0.09
1757,1.17,0,0,0.09,0,0
1758,2.25,0,0,0,0,0.09
1759,20.97,1.26,0.99,6.75,0,0.36
1760,0,0,0,0,0,0
1761,1.17,0,0,0,0,0
1762,0.18,0.09,0.18,0.27,0,0
1763,6.84,0,0,0,0,0
1764,12.33,0,0,0.18,0,0.09
1765,5.4,0,0.09,0.18,0,0.09
1766,8.91,0.27,0,0.27,0,0.09
1767,4.41,0,0,0,0,0.09
1768,1.17,0.09,0.18,0.54,0,0
1769,1.44,0.54,1.17,3.15,0,0.27
1770,24.75,0.54,15.93,5.85,0,0.27
1771,6.66,10.71,4.95,5.04,0,0
1772,12.69,7.92,2.88,22.23,0,0.18
1773,0.81,0.9,0.18,2.88,0,0
1774,2.25,2.79,1.62,9.45,0.36,0.18
1775,0.99,2.43,1.98,5.76,0,0.09
1776,4.32,0,0,0,0,0
1777,3.96,1.35,0.09,0.27,0,0
1778,18.72,0,0.27,1.62,0,0
1779,0.99,0,0.72,0.81,0,0
1780,9,0.18,0.18,0.72,0,0.09
1781,0.45,0,0.27,1.62,0,0
1782,17.91,0.54,8.1,12.15,0,0
1783,0.36,0,0,0,0,0.09
1784,0.99,0.18,0.09,0.27,0,0
1785,0.45,0,0.36,0,0,0.09
1786,0,0,0,0,0,0
1787,5.94,0.99,0.27,1.98,0,0.09
1788,27.36,0.27,2.88,13.05,0,0.18
1789,0.54,0,0,0,0,0
1790,1.35,0,0.18,0,0,0
1793,4.77,0,0,0.18,0,0
1794,2.25,0,0,0,0,0
1796,0.99,0,0.18,0.09,0,0.09
1797,3.42,0,0,0,0,0
1798,3.33,0,0,0.18,0,0
1799,3.33,0,0,0,0,0.09
1800,8.1,0.63,1.53,3.42,0,0
1801,36.72,2.43,1.53,7.2,0,0.18
1802,0.18,0,0,0,0,0.18
1803,0,0,0,0.18,0,0
1804,0.63,0.09,0,0.36,0,0
1805,0.09,0,0,0,0,0
1806,0.81,0,0,0.36,0,0
1807,104.67,4.14,8.82,21.33,0,0
1808,0,0,0,0,0,0
1809,0.18,0,0,0,0,0
1810,0.18,0,0,0,0,0
1811,0.09,0,0.09,0,0,0
1812,0.09,0,0,0,0,0.09
1813,0,0,0,0,0,0
1814,0,0,0,0,0,0
1815,0.27,0,0,0,0,0
1816,0.18,0,0.09,0.09,0,0
1817,0.81,0.18,0.27,0.45,0,0
1819,0.36,0,0,0,0,0.09
1820,0.72,0,0,0,0,0.09
1821,1.26,0,0,0.09,0,0.09
1822,0.27,0,0,0,0,0
1823,0.9,0,0,0,0,0
1824,0.9,0,0,0,0,0
1825,1.8,0,0,0,0,0.09
1826,0,0,0,0,0,0
1827,0.27,0,0,0,0,0.09
1828,1.89,0,0,0,0,0
1829,0.27,0,0,0,0,0
1830,1.44,0,0,0.09,0,0.09
1831,1.71,0,0,0.09,0,0
1832,0.18,0.27,0,0.9,0,0
1833,12.78,0.45,0.09,0.99,0,0
1834,0.36,0,0,0,0,0
1835,7.47,0,0,0.18,0,0.09
1836,5.04,0,0,0.36,0,0
1837,0.18,0,0,0,0,0.09
1838,0.18,0,0,0,0,0
1839,0,0,0.09,3.24,0,0
1840,0,0,0,0,0,0
1841,0.27,0,0,0,0,0.18
1842,0,0,0.09,0.36,0,0.18
1843,0,0,0,0,0,0
1844,2.25,0,0,0.18,0,0.18
1845,0.36,0,0,0,0,0
1846,0.63,0,0,0,0,0
1847,10.8,1.26,0.54,4.86,0,0
1848,1.08,0,0,0.09,0,0
1849,0.54,0.09,0,0,0,0
1850,1.08,0.18,0,0,0,0.18
1851,0,0,0,0,0,0
1852,0,0,0,0,0,0
1853,0.09,0,0,0,0,0
1854,0,0,0,0,0,0
1856,1.62,0,0,0.45,0,0
1857,0.9,0,0,0,0,0
1858,9.63,0,0.54,0.27,0,0
1859,0.99,0,0.27,0.09,0,0
1860,0.45,0,0,0,0,0.09
1861,0.09,0,0,0,0,0.09
1862,0.27,0,0,0,0,0
1863,0,0,0,0,0,0
1864,0,0,0,0,0,0
1865,0.99,0,0,0.09,0,0.09
1866,2.25,0,0,0,0,0.09
1867,1.62,0,0,0,0,0.18
1868,1.62,0,0,0,0,0
1869,1.8,0,0,0,0,0
1870,0.18,0,0,0,0,0
1871,0.72,0,0,0,0,0
1872,0.54,0,0,0,0,0
1873,0.09,0,0,0,0,0.09
1874,0.27,0,0,0,0,0
1875,0.45,0,0,0,0,0
1876,0.36,0,0,0,0,0
1877,0.18,0,0,0,0,0.09
1878,0.18,0,0,0,0,0
1879,0.45,0,0,0,0,0
1880,0.72,0,0,0.27,0,0
1881,2.52,0,0,0.09,0,0
1882,0.36,0,0,0,0,0
1883,0.54,0,0,0.09,0,0
1885,0,0,0,0,0,0
1886,0,0,0,0,0,0
1887,0.27,0,0,0.27,0,0.09
1888,2.34,0,0,0,0,0.09
1889,0.45,0,0,0,0,0.09
1890,0.45,0.09,0.36,0.63,0,0
1891,0.45,0,0,0,0,0.09
1892,0.18,0.18,0,0,0,0.09
1893,0.54,0.27,0.09,0,0,0
1894,4.59,0.36,5.67,0,0,0
1895,0,0.09,0,0,0,0
1896,0.36,0,0,0.18,0,0
1897,0.45,0.09,0,0,0,0
1898,2.16,0,0,0,0,0
1899,1.53,0,0,0,0,0
1900,0.18,0,0,0,0,0.09
1901,0.81,0,0,0,0,0
1902,0,0,0,0,0,0
1903,0.09,0,0,0,0,0.18
1904,0.09,0,0,0,0,0
1905,0,0,0,0,0,0
1906,0.09,0,0,0,0,0
1907,0.27,0.09,0,0,0,0
1908,8.46,0.09,0,1.08,0,0.18
1909,0.27,0,0,0,0,0
1910,0.63,0,0,0,0,0
1911,0.9,0,0,0,0,0.18
1912,5.13,0,5.22,0.09,0,0.09
1913,5.85,0.18,1.26,3.42,0,0.27
1914,0.63,0,0,0,0,0
1915,1.8,0,0.09,0,0,0.09
1916,0,0,0.27,0.18,0,0.09
1917,0.9,0.27,0.54,0.18,0,0
1918,0,0,0,0,0,0
1919,0.09,0,0,0,0,0
1920,0.36,0.36,0.63,0,0,0.09
1921,0,0,0,0,0,0
1922,1.26,0,0.36,0,0,0
1923,0.63,0,0,0,0,0
1924,2.07,0.09,0.18,0.63,0,0
1925,2.25,0.09,0,0,0,0
1926,2.43,0,2.79,0.36,0,0
1927,81.99,6.48,2.52,101.97,0,0.36
1928,70.47,23.76,89.37,34.2,0,0.54
1929,36.9,62.01,158.94,47.97,0,0.45
1930,0,0,0,0,0,0
1931,0,0,0,0,0,0
1932,0,0,0,0,0,0
1933,0,0,0,0,0,0
1934,0,0,0,0,0,0
1935,0.36,0.09,0,0,0,0.09
1936,2.61,0,0.09,0.81,0,0
1937,2.34,0,0.45,1.26,0,0
1938,3.33,0,0.18,0.45,0,0
1939,22.05,0,2.34,7.47,0,0
1940,2.97,0,0.54,0.54,0,0
1941,0.27,0,0.45,1.35,0,0
1942,8.1,0,0,0,0,0
1943,2.97,0,0,0.09,0,0.09
1944,0.36,0.09,0.09,0.36,0,0.09
1945,0.18,0,0,0,0,0
1946,4.77,0,0,0,0,0.09
1947,0.27,0,0,0,0,0
1948,0.45,0,0.27,0.18,0,0.18
1949,0.27,0,0,0,0,0
1950,3.51,0.63,0.99,1.44,0,0
1951,0.09,0,0,0,0,0.09
1952,8.91,0.09,0,0.36,0,0.18
1953,0.45,0,0,0,0,0
1954,0.99,0.36,0.09,0.45,0,0.18
1955,1.08,0,0,0.18,0,0
1956,0,0,0,0,0,0
1957,3.42,0,0.27,0.45,0,0
1958,0.09,0,0,0,0,0.09
1959,0,0,0,0,0,0
1960,0,0,0,0,0,0
1961,3.51,0,0,0,0,0
1962,3.78,0.27,0.09,1.98,0,0
1963,0.09,0,0,0,0,0
1964,1.89,0,0,0.36,0,0
1965,0.18,0,0,0,0,0
1966,0.54,0,1.08,1.98,0,0
1967,0.9,0,0,0,0,0
1968,0.27,0,0,0,0,0
1969,0.09,0,0,0,0,0
1970,1.8,0,0,0,0,0
1971,0.99,0,0.63,1.44,0,0
1972,1.71,0,1.08,0,0,0
1973,0.09,0,0,0,0,0
1974,1.17,0,0.9,0,0,0.09
1975,11.07,4.14,25.02,0.27,0,0.09
1976,2.52,0,0,0,0,0
1977,26.55,6.75,58.05,4.59,0.09,0.09
1978,2.52,0.27,0.27,0,0,0
1979,0.18,0.09,0.09,0,0,0
1980,2.16,0.81,0.63,0,0,0
1981,0.36,0,0,0,0,0
1982,12.33,1.35,25.29,1.8,3.87,0
1983,2.97,0.63,2.88,0.27,0,0.09
1984,2.61,0.18,4.59,0,0,0
1985,0.36,0.45,0.18,0,0,0.09
1986,0.27,0.99,0.18,0,0,0
1987,3.42,0,0,0,0,0.18
1988,2.25,0,0,0,0,0
1989,2.88,0.36,4.32,0.09,0,0
1990,5.58,0.18,3.42,0,0,0
1991,2.43,0.54,10.8,1.08,1.44,47.34
1992,6.93,0.81,4.59,0.09,0.09,0
1993,2.25,1.17,2.43,0.09,0,0
1994,19.26,2.07,3.87,0.09,0,0
1995,4.05,2.52,16.2,1.44,0,0.36
1996,0.18,0,0.09,0,0,0.09
1997,1.53,1.08,9.09,7.02,0,0
1998,0.99,0.9,5.67,0.09,0,0
1999,17.28,1.35,21.06,4.77,0,0.09
2000,3.42,1.17,2.7,0,0,0
2001,0.45,0.09,0.54,0,0,0.09
2002,3.24,1.62,14.4,0.54,0,0.36
2003,11.97,0.18,7.56,0,0,0
2004,1.26,0,0,0,0,0.09
2005,4.32,1.08,2.07,0,0,0
2006,1.89,0.54,18.36,3.06,0,0.09
2007,81.72,13.5,53.64,36.18,0,0
2008,0.36,0.81,4.68,0.27,0,0
2009,0,0,0,0,0,9.99
2010,0.45,0,0,0,0,0.09
2011,1.17,1.44,6.66,3.78,0,0.18
2012,54.99,3.33,24.66,21.24,0.36,0
2013,0.63,0.18,2.79,0.18,0,0
2014,0.72,0,0,0,0,0.18
2015,0.09,0,0,0,0,0.09
2016,2.16,1.71,15.39,2.16,0,0.09
2017,1.35,0.09,0,0,0,0
2018,37.89,0.36,4.23,3.06,0,0
2019,5.31,0.99,0.72,0,0,0.09
2020,97.47,8.64,4.23,5.04,0,0.18
2021,7.83,0,0,0,0,0.09
2022,22.77,3.06,18,32.4,0,0
2023,9.45,1.8,7.38,0.27,0,0.18
2024,0.36,0.36,0.72,0,0,0
2025,2.16,0,0.18,0,0,0
2026,34.65,2.43,30.51,0.63,0,0.09
2027,0.18,0,1.26,2.43,0,0
2028,0.81,0.18,0,0,0,0
2029,20.79,9,8.91,5.04,0,0
2030,73.62,5.31,45.45,56.25,15.03,4.59
2031,0.72,0,0,0,0,2.16
2032,12.06,0.27,3.69,0.09,0,0.09
2033,1.08,0.18,0,0,0,0
2034,1.08,0.27,1.62,0,0,0
2035,2.52,0.27,0,0,0,0
2036,3.51,1.8,25.83,0.45,0,2.07
2037,2.52,0.18,0.27,1.71,0,0.18
2038,0.27,0,0,0,0,0.09
2039,1.62,0,0.99,0,0,0.09
2040,0.72,0.9,0.54,0.18,0,0.09
2041,1.44,0.63,2.43,0.45,0,0
2042,13.32,4.14,31.77,0,0,0.18
2043,0.36,0.09,0.36,0.36,0,0
2044,5.4,1.17,4.95,5.04,0,6.48
2045,31.23,11.43,154.98,20.97,0,0
2046,0.9,0,0.09,0,0,0.09
2047,0.54,0,0,0,0,0.18
2048,0.45,0.63,3.42,0,0,0
2049,4.5,2.16,24.75,1.35,0.54,0
2050,0.9,0,0,0,0,0
2051,1.08,1.08,4.77,0.09,0,0.09
2052,0.72,0,0,0,0,0
2053,1.35,1.08,6.93,0.81,0,0.09
2054,1.98,0.81,10.35,0.36,0,0
2055,2.34,3.15,0.9,2.34,0,0.18
2056,51.66,126.99,11.79,3.51,0,0.18
2057,15.21,67.77,37.53,49.59,0,0
2058,50.4,50.85,19.44,30.87,4.32,0.09
2059,0.54,0.81,0.18,0,0,0
2060,0.09,0,0,0,0,0
2061,1.44,0.09,0,0,0,0
2062,2.52,0.09,0,0.99,0,0.18
2063,4.77,11.16,0.45,9.81,0,0.09
2064,3.15,2.79,1.17,8.37,0,0
2065,27.54,17.37,2.88,34.38,0,5.04
2066,1.71,0.81,6.57,2.52,0,0.27
2067,2.52,9.54,54.09,0.36,0,0.09
2068,0.27,0.18,0.36,0.09,0,0
2069,2.61,3.87,0.63,0.18,0,0.09
2070,1.08,1.08,0.81,2.7,0,0
2071,24.93,36.72,88.29,15.57,4.23,0.18
2072,3.6,7.47,9.27,32.04,0,0.09
2073,17.1,19.8,24.39,29.97,0,17.01
2074,2.07,4.59,12.6,83.16,0,0
2075,34.92,39.06,64.17,29.61,0,0.27
2076,7.38,4.59,9.81,22.32,0,0
2077,2.07,0.9,0.99,0,0,0
2078,2.52,1.53,1.26,0.72,0,0.09
2079,2340.9,954.72,1518.48,14501.7,0,0.09
2080,2.34,0.09,0.36,1.53,0,0
2081,13.5,2.7,1.89,0.18,0,0
2082,47.97,22.14,29.52,43.11,0,0.18
2083,321.39,0.09,2.79,34.11,0,0.54
2084,31.86,32.67,18.09,23.85,0,0.09
2085,28.98,3.06,5.04,13.14,0,0.09
2086,1241.91,1355.85,2096.01,6550.92,0,0.18
2087,39.24,37.98,27.09,78.66,0,0.36
2088,645.75,11.7,18.09,133.83,0,0.09
2089,148.41,12.15,17.73,76.68,0,0.36
2090,55.53,1.71,5.67,21.6,0,0.09
2091,41.49,0,0,0,0,0.18
2092,234.45,20.16,44.19,128.61,0,0.18
2093,5.85,1.53,1.89,32.04,0,0
2094,79.29,7.56,29.79,70.92,0,0.18
2095,27.54,1.53,1.89,5.94,0,0
2096,49.77,21.87,24.12,20.61,0,0.27
2097,43.92,7.74,16.2,45.81,0,0.09
2098,37.89,23.49,52.92,224.01,0,0.09
2099,138.78,79.74,69.12,128.52,0,0.18
2100,9.27,1.53,2.88,4.32,0,0
2101,41.22,11.52,36.36,111.6,0,0.09
2102,17.37,5.13,14.67,35.46,0,0.27
2103,125.01,5.67,23.58,69.03,0,0.09
2104,15.93,1.98,1.98,9,0,0.18
2105,223.65,172.62,304.56,804.78,0,0.09
2106,26.37,17.19,37.44,229.59,0,0.09
2107,44.37,5.58,20.7,34.56,0,0
2108,45.81,0.18,0.36,12.42,0,0
2109,39.33,15.3,63.72,48.06,0,0
2110,315.45,257.76,389.34,1490.22,0,0.09
2111,194.22,9.81,17.19,96.84,0,73.26
2112,1068.57,0,0,0,0,0.36
2113,17.01,11.07,13.95,38.52,0,0.09
2114,61.56,0.9,3.33,0.09,0,0.18
2115,140.85,0.63,2.07,7.02,0,0.18
2116,114.84,9.99,9.18,105.3,0,0.09
2117,23.49,8.46,21.6,26.1,0,0.09
2118,1647.9,281.43,419.58,2302.38,0,6.66
2119,15.75,6.75,15.57,41.04,0,0
2120,33.39,8.01,9.72,34.02,0,0
2121,40.32,4.14,13.32,19.53,0,0
2122,35.19,0,11.79,0,0,0
2123,602.91,285.93,418.14,5141.88,0,0.09
2124,1187.91,262.53,3276.18,388.08,0,0.18
2125,182.34,32.4,114.57,13.32,0,0.09
2126,308.88,311.76,57.87,735.3,5.85,0.27
2127,3.15,0.18,0.09,1.17,0,0
2128,70.29,0.99,13.68,0,0,0.09
2129,0.72,0,0,0,0,0.09
2130,1.08,0,0,0,0,0.09
2131,0.81,0,0,0,0,0
2132,0.9,0.9,0.99,0.27,0,0.36
2133,14.4,6.84,1.71,14.31,0,0.18
2134,9.99,10.53,3.24,9.99,0,0.09
2135,30.87,20.97,19.89,37.53,0,0.09
2136,26.28,11.52,3.15,19.8,0,0
2137,50.58,32.58,5.76,16.38,0,0.09
2138,107.64,148.32,234.18,1155.15,2.16,0.18
2139,99.54,1.89,20.7,65.97,0,0
2140,331.47,90.9,14.67,10.26,0,0.18
2141,402.57,41.85,152.01,816.3,0,0.27
2142,595.8,0,193.32,151.92,0,0.18
2143,1088.01,0.18,99.27,8.28,0,0.18
2144,6.66,13.05,34.92,397.89,0,0.18
2145,52.47,58.86,106.29,75.33,2.25,0
2146,7.2,5.22,8.28,0.18,0.09,0.09
2147,0,0,0,0,0,0
2148,0.18,0,0,0,0,0
2149,0,0,0,0,0,0
2150,0,0,0,0,0,0
2151,0,0,0.36,0,0.18,0
2152,0.18,0,0,0,0,0
2153,0,0,0,0,0,0
2154,0,0,0,0,0,0
2155,0.18,0,0,0,0,0
2156,0,0.09,0,0,0,0
2157,0.18,0.63,0.72,0.09,0,0.09
2158,0.45,0.63,0.72,2.34,0,0
2159,0,0,0.63,2.07,0,0.09
2160,26.82,6.21,4.05,1.26,0.36,0
2161,0,0.18,0,0,0,0
2162,0,0,0,0,0,0.09
2163,0.36,0,0,0,0,0
2164,0.18,0,0,0,0,0
2165,0.18,0,0,0,0,0
2166,0.36,0,0,0,0,0
2167,0.36,0,0,0,0,0
2168,0.36,0,0,0,0,0
2169,0.27,0,0,0,0,0.09
2170,0.18,0.18,0,0,0,0
2171,0.36,0,0,0,0,0
2172,0,0,0,0,0,0
2173,0.54,0,0,0,0,0.09
2174,0.54,0,0,0,0,0.09
2175,0,0,0,0,0,0
2176,5.04,0,0,0,0,0
2177,4.41,0.18,0.36,0.09,0,0
2178,4.41,0.54,0.09,0,0,0.18
2179,4.95,0,0.09,0,0,0.36
2180,0.18,0,0,0,0,0
2181,0,0.54,0,0,0,0
2182,0.72,0,0.45,1.08,0.09,0
2183,5.22,0,0,0,0,0
2184,0,0,0,0.09,0,0
2185,5.04,0,0,0,0,0.18
2186,3.78,0,0,0,0,0.09
2187,4.77,0.09,0.18,0,0,0
2188,1.44,0,0,0,0,3.78
2189,4.59,0,0,0,0,0
2190,81.36,0,0,0,0,0
2191,50.31,0,0,0,0,0.09
2192,4.32,0,0,0,0,0
2193,13.41,0,0.45,0.45,0,0.09
2194,47.16,0,0,0.18,0,0.09
2195,2.07,0,0.09,0,0,0
